study_accession	discrepancy_flags	discrepancy_host	discrepancy_host_missing	discrepancy_gut	discrepancy_multihost	discrepancy_notes	paper_title	host_species
PRJNA1283350	host_missing		paper names: Gallus gallus domesticus (Arbor Acres and Taoyuan chicken breeds); deposit blank/generic			Host species identification is missing from the deposit metadata; the paper studies chickens but the deposit host field is only generic 'metagenomes'.	Gut microbiota-derived taurolithocholic acid modulates myofiber-type switching via p38 MAPK/PGC-1α signaling underlying breed differences between Arbor Acres and Taoyuan chickens.	metagenomes
PRJNA656389	host_mismatch	paper: ruminant (general term) vs deposit: Bubalus bubalis (water buffalo, specific species)				No reporting errors detected. Paper describes ruminant gut archaeome; deposit correctly specifies water buffalo (Bubalus bubalis, a ruminant) with exclusively GI-tract sampling sources.	A metagenomic catalogue of the ruminant gut archaeome.	Bubalus bubalis
PRJEB58265	host_mismatch; multihost_issue	paper: wild-captured mammals (plural, multiple species in interspecific comparative study) vs deposit: Crocidura russula (single species in host field)			Deposit biome labels explicitly list two distinct host species: 'Apodemus sylvaticus' and 'Crocidura russula'. Paper presents this as a single interspecific comparative study but does not disambiguate which samples belong to which species at the sample level.	The deposit host field lists only Crocidura russula but biome labels explicitly name two distinct species (Apodemus sylvaticus and Crocidura russula), consistent with the paper's interspecific comparative design but with incomplete sample-level host attribution.	Mammals show distinct functional gut microbiome dynamics to identical series of environmental stressors.	Crocidura russula
PRJEB7774	host_missing		paper names: human; deposit blank/generic			Host metadata gap: the paper is clearly about humans, and deposit biome/sample titles confirm this, but the formal host field is empty.	Diversity and distribution of sulfur metabolic genes in the human gut microbiome and their association with colorectal cancer.	
PRJNA564888	multihost_issue				Deposit sample-level metadata explicitly lists 4 distinct host species: Callosciurus notatus, Rattus tanezumi, Sundamys annandalei, and Tupaia glis. Sample titles confirm each species separately (e.g., 'from Callosciurus notatus', 'from Rattus tanezumi', 'from Sundamys annandalei', 'from Tupaia glis'). Paper abstract does not explicitly name these individual species but presents the work as a general methodological study.	Multihost issue detected: deposit contains 4 explicitly distinct mammal species (Tupaia glis, Callosciurus notatus, Rattus tanezumi, Sundamys annandalei) in sample-level metadata, while paper presents work as a general methodological approach without naming individual host species.	Boosting natural history research via metagenomic clean-up of crowdsourced feces.	Tupaia glis
PRJEB79635	multihost_issue				Sample titles explicitly name two distinct host species: 'Blue Tit faecal metagenome' and 'Great Tit faecal metagenome'	Multihost issue detected: deposit sample metadata explicitly names two distinct bird species (blue tit and great tit) as separate samples, which should be flagged as a multihost dataset.	Faecal metagenomes of great tits and blue tits provide insights into host, diet, pathogens and microbial biodiversity.	bird metagenome
PRJEB5224	host_missing		paper names: humans (Chinese, Danish, Spanish populations); deposit blank/generic			Host species missing from structured deposit metadata despite clear evidence in sample titles and biome label that samples are from human subjects.	Changes in the Type 2 diabetes gut mycobiome associate with metformin treatment across populations.	
PRJNA590585	multihost_issue				Paper abstract explicitly states the study compared 'plateau pikas and yaks, two sympatric herbivorous mammals'. The deposit host field lists only 'plateau pika01', with host_species_list showing '(none)' and 0 distinct species. The deposit metadata does not explicitly capture the yak samples that are central to the paper's comparative analysis.	The deposit metadata appears incomplete: while 'plateau pika' is present, the yak samples central to the paper's comparative design are not explicitly documented in the deposit host or sample-level fields, indicating a potential multihost_issue.	Environment and host species identity shape gut microbiota diversity in sympatric herbivorous mammals.	plateau pika01
PRJNA721002	host_missing; multihost_issue		paper names: dogs and humans (Canis familiaris and Homo sapiens); deposit blank/generic		Paper title and abstract specify 'dogs and their owners' (two host species: Canis familiaris and Homo sapiens). Deposit sample-level metadata does not explicitly name these hosts, but the paper's own title and research design clearly indicate two distinct host species being sampled in parallel.	Host metadata is missing or insufficiently specific in the deposit (blank/generic 'feces metagenome' field) despite the paper clearly identifying two distinct host species (dogs and humans) in a comparative family study.	The co-occurrence of antibiotic resistance genes between dogs and their owners in families.	feces metagenome
PRJEB40990	multihost_issue				Deposit sample-level data explicitly lists three distinct host species: Coregonus lavaretus (European Whitefish), Oncorhynchus mykiss (rainbow trout), Salmo salar (Atlantic salmon) in biome labels and sample titles. Paper abstract presents these samples under the single umbrella term 'salmonid hosts' without specifying that three different fish species were sampled.	The study includes samples from three distinct salmonid host species (Atlantic salmon, rainbow trout, European whitefish) that are not clearly itemized in the paper abstract, which presents them under a single 'salmonid hosts' umbrella term.	Genome-resolved metagenomics suggests a mutualistic relationship between Mycoplasma and salmonid hosts.	Salmo salar
PRJNA1135945	multihost_issue				Deposit biome labels explicitly list TWO distinct host species: 'Mus musculus' and 'human gut metagenome' (implying Homo sapiens). The paper presents a single-host study design using murine models, with no mention of simultaneous human sampling.	A multihost_issue is present: the deposit biome labels explicitly declare both Mus musculus and human samples, whereas the paper describes only a murine animal-model study.	Gut microbiota dysbiosis exacerbates acute pancreatitis via <i>Escherichia coli</i>-driven neutrophil heterogeneity and NETosis.	Homo sapiens
PRJEB14215	host_missing		paper names: human; deposit blank/generic			Host missing: deposit lacks formal host field metadata despite paper's explicit description of human cohorts; biome label confirms human origin but structured host field should be populated.	Iron status influences non-alcoholic fatty liver disease in obesity through the gut microbiome.	
PRJEB12449	host_missing		paper names: human; deposit blank/generic			Host metadata is missing from the ENA deposit host field despite the paper clearly describing a human gut microbiome study.	Diversity and distribution of sulfur metabolic genes in the human gut microbiome and their association with colorectal cancer.	
PRJNA599288	host_missing; multihost_issue		paper names: Apis cerana (Eastern honey bee) and Apis mellifera (Western honey bee); deposit blank/generic		Isolation sources explicitly state two species: 'eastern honey bee gut' and 'western honey bee gut'. Sample titles reference 'insect gut metagenome' generically, but the isolation sources clarify two distinct Apis species are represented.	Host species information is missing from the structured ENA host field (should capture Apis cerana and Apis mellifera), though isolation sources do reference both bee species. The study intentionally compares two distinct honey bee hosts, which is explicit in the deposit.	Genetic divergence and functional convergence of gut bacteria between the Eastern honey bee Apis cerana and the Western honey bee Apis mellifera.	missing
PRJEB33338	host_missing		paper names: chicken (Gallus gallus); deposit blank/generic			Host metadata is missing from the ENA deposit (host field blank) despite the paper clearly studying chicken samples, creating a metadata gap that should be recorded.	Extensive microbial diversity within the chicken gut microbiome revealed by metagenomics and culture.	
PRJNA1090271	host_missing		paper names: human; deposit blank/generic			Host metadata is missing from the deposit (should record 'human'), but no other data-quality issues detected.	Gut Microbiome in Human Melioidosis: Composition and Resistome Dynamics from Diagnosis to Discovery.	missing
PRJNA401977	host_missing		paper names: humans; deposit blank/generic			Host field is missing from the deposit metadata despite the paper and biome label clearly indicating human origin.	Oral probiotics increased the proportion of Treg, Tfr, and Breg cells to inhibit the inflammatory response and impede gestational diabetes mellitus.	
PRJEB21612	host_missing		paper names: various primate species (Guangxi primates); deposit blank/generic			Host missing: paper studies multiple primate species but deposit host field is blank, representing a metadata gap rather than a contradiction.	Antibiotic resistance profiles of gut microbiota across various primate species in Guangxi.	
PRJEB66719	host_missing		paper names: human; deposit blank/generic			Host is missing from the structured deposit field despite the paper's clear focus on human gut microbiome and the biome label providing implicit confirmation.	Gut microbes with the <i>gbu</i> genes determine TMAO production from L-carnitine intake and serve as a biomarker for precision nutrition.	
PRJNA678871	host_mismatch; gut_sample_issue; multihost_issue	paper: Chicken (Gallus gallus domesticus) vs deposit: Homo sapiens		Isolation sources include: 'Chicken gut' (gut), 'Human gut' (gut), 'chicken carcass' (surface), 'farm soil' (environmental soil).	Isolation sources explicitly list both 'Chicken gut' and 'Human gut' as distinct origins, plus 'chicken carcass' and 'farm soil'. The deposit sample-level metadata identifies samples from at least two distinct host species: chicken and human.	Multiple valid errors: host field incorrectly lists Homo sapiens when primary samples are from chicken; deposit includes non-gut samples (carcass, soil) without clear study design separation; sample-level data reveal multiple distinct host species (chicken and human) not clearly distinguished in the paper's framing.	Machine learning and metagenomics reveal shared antimicrobial resistance profiles across multiple chicken farms and abattoirs in China.	Homo sapiens
PRJNA1293880	host_missing		paper names: giant panda (Ailuropoda melanoleuca); deposit blank/generic			Host metadata is missing from the ENA deposit despite the paper clearly studying giant panda gut microbiota; this represents a reporting gap (host_missing) rather than a conflict.	Microoxic conditions promote Escherichia-associated cellulase expression in the giant panda gut.	
PRJNA598094	multihost_issue				Deposit host_species_list shows TWO DISTINCT species: Apis cerana japonica and Apis mellifera. Paper presents these as TWO SEPARATE SPECIES being compared, not as a single host.	No genuine reporting errors detected. The deposit correctly captures two distinct honey bee host species that are the focus of a comparative metagenomics study.	Vast Differences in Strain-Level Diversity in the Gut Microbiota of Two Closely Related Honey Bee Species.	Apis cerana japonica
PRJEB27928	host_missing		paper names: humans; deposit blank/generic			Host identity is missing from the deposit host field despite the paper clearly studying human samples; this represents a metadata reporting gap.	Microbiome as Mediator of Diet on Colorectal Cancer Risk: The Role of Vitamin D, Markers of Inflammation and Adipokines.	
PRJEB76898	host_mismatch; gut_sample_issue; multihost_issue	paper: Lepus europaeus (European hares) vs deposit: Podarcis muralis (wall lizard) listed as primary host; 22 distinct host species across samples including Lepus europaeus		Biome labels include 'oral metagenome' and 'indoor metagenome' alongside 'feces metagenome'. The paper is framed as a gut microbiota study, but the deposit contains samples from non-gut sites (oral cavity) and non-specific indoor environments.	The host_species_list in the deposit explicitly names 22 distinct host species across samples: Calotriton asper, Canis lupus familiaris, Chalcides striatus, Geospizopsis unicolor, Lepus europaeus, Lissotriton helveticus, Natrix astreptophora, Perisoreus infaustus, Plecotus auritus, Podarcis filfolensis, Podarcis gaigeae, Podarcis liolepis, Podarcis milensis, Podarcis muralis, Podarcis pityusensis, Psittacula echo, Salamandra atra, Sciurus carolinensis, Sciurus vulgaris, Strix aluco, and others.	Critical data integrity issues: deposit host field contradicts paper (Podarcis muralis vs Lepus europaeus), non-gut samples (oral) are mixed into a gut microbiota study, and the deposit contains samples from 22 distinct host species while the paper describes a single-host hare study.	Grass supplementation to a pellet-based diet fails to enrich gut microbiomes with wild-like functions in captive-bred hares.	Podarcis muralis
PRJEB30661	host_missing		paper names: Tor putitora; deposit blank/generic			Host species identity (Tor putitora) is missing from the deposit host field, which contains only the generic descriptor 'fish gut metagenome'.	Gut microbiome of endangered Tor putitora (Ham.) as a reservoir of antibiotic resistance genes and pathogens associated with fish health.	fish gut metagenome
PRJNA844935	gut_sample_issue			Sample titles and isolation sources indicate 'Microbe sample from Enterococcus faecalis', 'Microbe sample from Escherichia coli', and 'Sample survived whole blood assay'. The 'whole blood assay' isolation source and bacterial culture isolates (not gut samples) contradict a gut-microbiome study framing.		Gut sample issue flagged: deposit metadata reveals blood-assay bacterial isolates rather than gut samples, contradicting the paper's gut-microbiome framing.	Aging-Associated Augmentation of Gut Microbiome Virulence Capability Drives Sepsis Severity.	Mus musculus
PRJNA942468	host_missing		paper names: human; deposit blank/generic			Host missing: the paper studies human IBD patients but the deposit host field lacks explicit host species annotation.	A meta-analysis of the gut microbiome in inflammatory bowel disease patients identifies disease-associated small molecules.	HV001_G05_0464_BDME190634659-1a_HMJH7DSXX_L1;HV001 G05 0464 BDME190634659-1a HMJH7DSXX L1
PRJNA1116530	host_mismatch	paper: Dezhou donkeys (Equus asinus) vs deposit: Bacillota (bacterial phylum)				The deposit host field incorrectly contains bacterial phylum names (Bacillota) instead of the donkey host organism that the paper studies.	Effects of concentrate feeding sequence on VFA production, and cecal microbiota of Dezhou donkeys by metagenomic technology.	Bacillota
PRJNA1428229	host_missing		paper names: Tetrix japonica (pygmy grasshopper); deposit blank/generic			Host species is missing from the deposit metadata, though the paper clearly identifies Tetrix japonica as the single host organism.	Habitat-driven variation in gut microbiome composition and function of the pygmy grasshopper (Tetrix japonica) across diverse ecosystems in China.	
PRJEB62607	host_missing		paper names: hindgut-fermenting carnivores (specific species from Givskud Zoo, presumably felids or similar); deposit blank/generic			The deposit is missing explicit host species identification despite the paper studying specific carnivore species from a zoo; this is a host_missing issue, not a contradiction.	Trait-based study predicts glycerol/diol dehydratases as a key function of the gut microbiota of hindgut-fermenting carnivores.	feces metagenome
PRJNA853153	host_missing		paper names: humans and mice; deposit blank/generic			The deposit host field is incorrectly populated with a bacterial phylum (Bacillota) instead of the actual host organisms (human and/or mouse), representing a host_missing metadata error.	Alternation of the gut microbiota in metabolically healthy obesity: An integrated multiomics analysis.	Bacillota
PRJNA327106	gut_sample_issue			Deposit biome labels include 'human oral metagenome' and 'human skin metagenome' in addition to 'human gut metagenome'. Sample titles and isolation sources reference gut samples (DOL X gut), but biome labels explicitly indicate non-gut body sites.		The deposit metadata includes oral and skin metagenome biome labels that conflict with the paper's focus on infant gut microbiome, representing a genuine sample-type reporting inconsistency.	Infant age inversely correlates with gut carriage of resistance genes, reflecting modifications in microbial carbohydrate metabolism during early life.	Homo sapiens
PRJNA356809	host_mismatch; multihost_issue	paper: Ailuropoda melanoleuca (giant panda) vs deposit: Lynx lynx (Eurasian lynx); Panthera pardus (leopard)			Deposit sample-level data explicitly lists two distinct host species: Lynx lynx and Panthera pardus. The paper presents a single-host study (giant panda only).	Critical host identity error: deposit contains felid species (lynx, leopard) data while paper studies only giant pandas; additionally, multiple host species in deposit contradicts the single-species study design.	Comparative Study of Gut Microbiota in Wild and Captive Giant Pandas (Ailuropoda melanoleuca).	Lynx lynx
PRJNA1222153	host_missing		paper names: canine (dog); deposit blank/generic			Host metadata is missing from the deposit despite the paper clearly studying canine (dog) gut microbiome.	Waltham catalogue for the canine gut microbiome: a complete taxonomic and functional catalogue of the canine gut microbiome through novel metagenomic based genome discovery.	
PRJNA1119043	host_mismatch; multihost_issue	paper: donkeys and cows vs deposit: Cow; sample titles and biome labels reference 'mouse gut metagenome'			Deposit host field states 'Cow'; deposit sample titles and biome labels explicitly reference 'mouse gut metagenome'. The sample-level metadata independently identify mouse as a host organism alongside cow.	Critical data integrity issue: the paper describes donkey and cow digestive microbiomes, but the deposit contains mouse and cow samples, with mouse explicitly named in sample titles and biome labels.	Metagenomic analysis reveals the community composition of the microbiome in different segments of the digestive tract in donkeys and cows: implications for microbiome research.	Cow
PRJEB40824	multihost_issue				Deposit sample-level data explicitly lists 5 distinct host species (Gallus gallus, Meleagris gallopavo, Rodentia, Sus scrofa, Vulpes vulpes) while paper treats them as a comparative set of multiple animal species investigated together.	The study samples multiple distinct host species (5 confirmed in deposit); this is appropriate and transparent in both sources, but constitutes a legitimate multihost_issue per the strict protocol.	A metagenomic glimpse into the gut of wild and domestic animals: Quantification of antimicrobial resistance and more.	Sus scrofa
PRJEB51353	host_missing		paper names: human; deposit blank/generic			Host species metadata is missing from the ENA deposit despite paper clearly describing a human gut microbiota study.	OSA Is Associated With the Human Gut Microbiota Composition and Functional Potential in the Population-Based Swedish CardioPulmonary bioImage Study.	
PRJEB66439	multihost_issue				Deposit host_species_list contains: 'Blank sample', 'Canis lupus familiaris', 'Mock community', and 'synthetic metagenome'. Sample titles explicitly reference 'Blank_sample_DNA_H1H_10_G6' etc., and biome labels include 'blank sample' and 'synthetic metagenome' alongside 'Canis lupus familiaris'.	Valid multihost_issue detected: deposit sample-level metadata explicitly documents blank and synthetic metagenome controls alongside canine samples, though this mixture is appropriate for a validation study establishing detection thresholds.	Defining a metagenomic threshold for detecting low abundances of Providencia alcalifaciens in canine faecal samples.	Canis lupus familiaris
PRJNA1187897	host_missing		paper names: dairy ruminants; deposit blank/generic			Host is missing from the deposit metadata field (metadata gap), though the paper clearly identifies dairy ruminants and the biome label hints at bovine origin.	Disruption of hindgut microbiome homeostasis promotes postpartum energy metabolism disorders in dairy ruminants by inhibiting acetate-mediated hepatic AMPK-PPARA axis.	missing
PRJNA844237	host_missing		paper names: sows (Sus scrofa domesticus implied); deposit blank/generic			Host missing: the deposit host field lacks explicit taxonomic host designation, containing only a sample identifier rather than species name.	Impact of Raised without Antibiotics Measures on Antimicrobial Resistance and Prevalence of Pathogens in Sow Barns.	RWA-Fecal-Sow1-time1
PRJNA814825	multihost_issue				Deposit host_species_list contains 2 distinct species: Equus hemionus hemionus and Equus przewalskii. Deposit host field lists only 'Equus przewalskii', creating inconsistency in the deposit metadata itself.	Deposit metadata shows conflicting host information: primary host field lists only Equus przewalskii while sample-level host_species_list explicitly includes both Equus hemionus hemionus and Equus przewalskii, though this actually matches the paper's two-species comparative design.	Comparative Analysis of Microbiome Metagenomics in Reintroduced Wild Horses and Resident Asiatic Wild Asses in the Gobi Desert Steppe.	Equus przewalskii
PRJNA376580	host_missing; gut_sample_issue		paper names: Infants (human); deposit blank/generic	Sample titles and isolation sources indicate 'NICU room sample', 'hospital NICU surfaces and sink samples' from Magee Womens Hospital. The deposit metadata explicitly identifies these as NICU environmental/surface samples, NOT gut samples.		Critical mismatch: the paper describes an infant gut-microbiome study, but the deposit contains environmental samples (NICU room surfaces and sinks) from a hospital, not infant gut samples. Additionally, the human host is missing from the deposit host field.	Infant age inversely correlates with gut carriage of resistance genes, reflecting modifications in microbial carbohydrate metabolism during early life.	indoor metagenome
PRJNA313232	host_mismatch	paper: homeothermic animals (plural, general term encompassing multiple species) vs deposit: Homo sapiens (single species)				The deposit host field (Homo sapiens only) contradicts the paper's scope (guts of homeothermic animals, plural), representing genuine host metadata underspecification.	Genomic characterization of the uncultured Bacteroidales family S24-7 inhabiting the guts of homeothermic animals.	Homo sapiens
PRJEB4336	host_missing		paper names: humans (Type 2 diabetes patients; study mentions populations including Danish and Latvian cohorts); deposit blank/generic			Host identity is missing from the structured deposit host field despite clear human origin indicated in biome label and sample title.	Changes in the Type 2 diabetes gut mycobiome associate with metformin treatment across populations.	
PRJNA1247471	host_missing		paper names: Ailuropoda melanoleuca (giant panda); deposit blank/generic			Host missing: the paper identifies giant pandas (Ailuropoda melanoleuca) as the study subject, but the deposit host field is empty.	Seasonal diet shifts alter the gut microbiome and resistome of captive geriatric giant pandas (Ailuropoda melanoleuca).	
PRJNA657304	gut_sample_issue			Isolation sources include 'bone - JBG2', 'bone - JBG47', and 'soil'. Biome labels include 'soil metagenome'. Sample titles reference features (archaeological contexts) but include bone and soil samples alongside coprolites.		The study correctly analyzes dog (Canis lupus familiaris) coprolites, but the deposit includes non-gut samples (bone and soil) alongside coprolites, which represents a legitimate gut_sample_issue per deposit ground truth.	Integrative analysis of DNA, macroscopic remains and stable isotopes of dog coprolites to reconstruct community diet.	Canis lupus familiaris
PRJNA953833	host_missing		paper names: mouse (BXD population); deposit blank/generic			Host missing: the paper names mouse as the host, but the ENA deposit host field is blank, indicating incomplete metadata.	Integrative analysis of the mouse cecal microbiome across diet, age, and weight in the diverse BXD population.	
PRJEB39500	host_missing		paper names: human; deposit blank/generic			host_missing flagged: paper describes human subjects but deposit host field is blank, creating a metadata gap.	Changes in the Type 2 diabetes gut mycobiome associate with metformin treatment across populations.	
PRJNA385949	host_missing		paper names: human (inflammatory bowel disease patients); deposit blank/generic			Host species metadata is missing from the deposit host field despite the paper describing human IBD patients; biome and source metadata indirectly confirm human origin, but explicit host field curation gap exists.	A meta-analysis of the gut microbiome in inflammatory bowel disease patients identifies disease-associated small molecules.	
PRJNA1064611	gut_sample_issue			Sample titles include 'Water_1' and biome labels include 'freshwater metagenome'. The paper states metagenomes were sampled from both piranha gut AND river water. The deposit sample-level metadata shows water samples (Water_1) alongside fish samples (Swab_1-4), but there is no body-site designation for the swabs. The study explicitly compares fish microbiome to river water microbiome, and water samples are clearly non-gut environmental samples.		No reporting errors detected. The deposit correctly identifies Serrasalmus rhombeus as the host, and the inclusion of water samples alongside fish samples accurately reflects the paper's comparative design of sampling from both piranha and river water.	The piranha gut microbiome provides a selective lens into river water biodiversity.	Serrasalmus rhombeus
PRJEB35362	host_missing; gut_sample_issue; multihost_issue		paper names: human and canine (dog); deposit blank/generic	Biome labels include 'soil metagenome' alongside 'gut metagenome' and 'human gut metagenome'. The abstract mentions 'non-fecal sediments' as a control/comparison category that the pipeline distinguishes from fecal material.	Biome labels explicitly include both 'human gut metagenome' and (implied by 'canine paleofeces' in paper) separate host species. Samples with biome='gut metagenome' (generic) and 'human gut metagenome' suggest at least human origin, and paper states canine samples are also present and distinguishable, yet deposit lacks explicit canine host labeling.	The study has multiple reporting gaps: host species information is missing from the deposit despite being central to the paper's analysis (human and canine paleofeces distinguished), the deposit includes soil metagenome samples (non-gut controls), and the multihost nature is not clearly reflected in deposit host-species annotation.	CoproID predicts the source of coprolites and paleofeces using microbiome composition and host DNA content.	
PRJNA1227608	host_mismatch; gut_sample_issue	paper: ruminant (cattle/buffalo implied by ruminant intestinal microbiome study) vs deposit: Mazzaella japonica (a red macroalga, not a ruminant host)		Isolation source includes 'seaweed tuft' which is neither a gut sample nor from a ruminant animal. The deposit metadata explicitly lists seaweed as an isolation source, contradicting the paper's focus on ruminant intestinal (gut) samples.		Critical errors: deposit host is Mazzaella japonica (seaweed), not a ruminant animal as the paper describes; isolation sources include seaweed tuft, inconsistent with a ruminant gut microbiome study.	Distribution of microbial carrageenan foraging pathways reveals a widespread latent trait within the ruminant intestinal microbiome.	Mazzaella japonica
PRJNA599289	host_missing; multihost_issue		paper names: Apis cerana (Eastern honey bee) and Apis mellifera (Western honey bee); deposit blank/generic		The deposit's isolation sources explicitly list TWO DISTINCT host species: 'eastern honey bee gut' and 'western honey bee gut' (corresponding to Apis cerana and Apis mellifera). Sample titles label these as separate insect gut metagenomes.	The deposit has a host_missing error (host species field blank despite being named in isolation sources) and a multihost_issue (sample-level data explicitly documents two distinct honey bee species as separate hosts).	Genetic divergence and functional convergence of gut bacteria between the Eastern honey bee Apis cerana and the Western honey bee Apis mellifera.	missing
PRJNA999451	host_missing; gut_sample_issue		paper names: piglets; deposit blank/generic	Isolation source field shows 'Heghba'' (unrecognized/non-standard term); sample titles describe 'Metagenome or environmental sample from metagenome' with no body-site specification. Paper explicitly states cecum sampling, but deposit lacks this body-site information.		Deposit metadata is incomplete: host field is missing and body-site information is absent despite paper's explicit focus on piglet cecum samples during weaning stress.	Integrated Metagenomic and Metabolomics Profiling Reveals Key Gut Microbiota and Metabolites Associated with Weaning Stress in Piglets.	
PRJNA1261602	host_missing		paper names: mouse; deposit blank/generic			Host metadata is missing from the ENA deposit (paper describes mouse EAU model but deposit host field is blank), representing a metadata gap rather than a contradiction.	Influence of programmed death ligand 1 (PD-L1) knockout on gut microbiota in experimental autoimmune uveitis.	
PRJEB33500	host_missing		paper names: human (Homo sapiens); deposit blank/generic			Host_missing only: paper describes human subjects but deposit host field is empty, though sample titles correctly label samples as 'human gut metagenome'.	Mediterranean diet intervention in overweight and obese subjects lowers plasma cholesterol and causes changes in the gut microbiome and metabolome independently of energy intake.	
PRJEB25514	host_missing		paper names: Humans (long-living people in China); deposit blank/generic			Host missing: paper studies human gut microbiota but deposit host field is blank, representing a metadata gap rather than a conflict.	Gut Microbiota Composition and Metabolic Potential of Long-Living People in China.	
PRJEB37062	host_missing; multihost_issue		paper names: human donors and preclinical animal models (mouse, rat, pig, rabbit); deposit blank/generic		Deposit biome labels explicitly name five distinct hosts: human, mouse, pig, rabbit, rat. Sample titles (WLS-006 through WLS-038) map to different biome categories. Paper title and abstract focus on 'interpersonal differences in gut microbiota' (suggesting human focus) but deposit contains samples from at least 5 different host species.	The deposit host field is missing (host_missing), and the deposit sample-level biome labels reveal explicit multi-host data (human, mouse, pig, rabbit, rat) that the paper's emphasis on 'interpersonal differences' does not clearly forefront as the primary study design.	Linking interpersonal differences in gut microbiota composition and drug biotransformation activity.	
PRJNA1353630	host_missing		paper names: Macaca thibetana (Tibetan macaque); deposit blank/generic			Host missing: paper identifies Tibetan macaques as the study subject, but deposit provides no host field metadata.	Effects of Age, Sex, and Social Network on Antibiotic Resistance Genes in the Gut Microbiome of Tibetan Macaques (<i>Macaca thibetana</i>).	
PRJEB10338	host_missing		paper names: bovine (cattle); deposit blank/generic			Host metadata is missing from the ENA deposit, though the paper clearly identifies bovine as the source organism.	A catalog of microbial genes from the bovine rumen unveils a specialized and diverse biomass-degrading environment.	
PRJEB6456	host_missing		paper names: homeothermic animals (implied to include humans based on context); deposit blank/generic			Host identity is missing from the deposit's structured host field, though sample-level metadata (titles and biome label) clearly indicates human gut origin, which is consistent with the paper's reference to homeothermic animals.	Genomic characterization of the uncultured Bacteroidales family S24-7 inhabiting the guts of homeothermic animals.	
PRJNA635116	multihost_issue				Paper title and abstract explicitly state the study compares 'Traditional Human Populations and Nonhuman Primates'. The deposit host field shows only 'Gorilla1', indicating gorilla samples only. The paper describes sampling from BOTH humans and nonhuman primates (gorillas), but the deposit metadata appear to represent only gorilla host.	The paper describes a comparative study of human and nonhuman primate (gorilla) gut microbiomes, but the deposit host field only identifies 'Gorilla1', suggesting potential underreporting of human samples in the metadata.	Traditional Human Populations and Nonhuman Primates Show Parallel Gut Microbiome Adaptations to Analogous Ecological Conditions.	Gorilla1
PRJNA1029302	host_mismatch	paper: ruminant (cattle/sheep/buffalo implied by 'ruminant intestinal microbiome') vs deposit: Kyphosus sydneyanus (a fish species)				Critical host mismatch: paper describes a ruminant (mammal) microbiome study, but deposit contains fish (Kyphosus sydneyanus) gut samples — a genuine and fundamental conflict.	Distribution of microbial carrageenan foraging pathways reveals a widespread latent trait within the ruminant intestinal microbiome.	Kyphosus sydneyanus
PRJNA352475	gut_sample_issue			Deposit isolation_sources include: 'chest skin', 'tongue dorsum', 'vaginal introitus' in addition to 'stool'. Paper title and abstract focus on infant gut microbiome and resistance genes in gut carriage, implying gut-only analysis. Deposit metadata reveals non-gut samples (skin, oral, vaginal) mixed in the study.		Valid reporting error detected: deposit sample-level metadata reveals non-gut body sites (chest skin, tongue, vaginal) mixed with gut samples, contradicting the paper's focus on gut microbiome.	Infant age inversely correlates with gut carriage of resistance genes, reflecting modifications in microbial carbohydrate metabolism during early life.	Homo sapiens
PRJNA407583	host_missing		paper names: Ailuropoda melanoleuca (giant panda); deposit blank/generic			Host missing: the paper clearly identifies giant panda as the study organism, but the deposit host field is blank.	Metagenomic Study Suggests That the Gut Microbiota of the Giant Panda (Ailuropoda melanoleuca) May Not Be Specialized for Fiber Fermentation.	
PRJNA616396	host_missing		paper names: human; deposit blank/generic			Host species metadata is missing from the deposit (only generic 'gut' provided), creating a gap between the paper's implied human study and the deposit's blank host_species field.	A dysregulated bile acid-gut microbiota axis contributes to obesity susceptibility.	gut
PRJEB22062	host_mismatch	paper: chicken vs deposit: pig (inferred from sample titles NL-PooledPig-F1-*)				Critical host_mismatch: paper describes chicken gut microbiome, but deposit sample titles explicitly identify pig (PooledPig-*), not chicken.	Extensive microbial diversity within the chicken gut microbiome revealed by metagenomics and culture.	
PRJNA278393	host_mismatch; multihost_issue	paper: homeothermic animals (plural, diverse species implied by 'guts of homeothermic animals') vs deposit: Homo sapiens			Paper abstract and title refer to 'homeothermic animals' (plural); deposit host field shows only 'Homo sapiens'. The paper's framing ('inhabiting the guts of homeothermic animals') implies multiple host species were sampled, but the deposit metadata lists only a single host species.	The paper describes a multi-species study of Bacteroidales S24-7 from 'homeothermic animals' but the deposit metadata records only Homo sapiens as the host, indicating either incomplete metadata capture or a genuine mismatch in study scope.	Genomic characterization of the uncultured Bacteroidales family S24-7 inhabiting the guts of homeothermic animals.	Homo sapiens
PRJEB81717	multihost_issue				Host field lists 'Papio cynocephalus and P. anubis' — two distinct host species. Paper presents wild baboons as a single group without specifying multiple species.	Multi-host issue detected: deposit names two distinct Papio species while paper treats baboons as a single host group.	Eukaryotic composition across seasons and social groups in the gut microbiota of wild baboons.	Papio cynocephalus and P. anubis
PRJNA1415237	host_missing		paper names: elephant (primary sampling source); deposit blank/generic			Host missing: deposit host field is blank despite paper explicitly sampling from elephant gut microbiome, creating a metadata gap.	Elephant-derived Bacillus licheniformis modulates immune cells shedding light on cancer resistance.	
PRJEB15371	host_missing		paper names: human (inflammatory bowel disease patients); deposit blank/generic			The paper describes a human IBD microbiome meta-analysis, but the deposit host field is absent—a metadata gap rather than a direct conflict.	A meta-analysis of the gut microbiome in inflammatory bowel disease patients identifies disease-associated small molecules.	
PRJEB33577	host_missing		paper names: human and canine (dog); deposit blank/generic			Host species (human and canine) are named in the paper but the deposit host field is empty, indicating a host_missing metadata gap.	CoproID predicts the source of coprolites and paleofeces using microbiome composition and host DNA content.	
PRJEB21624	host_missing		paper names: bovine (cattle rumen); deposit blank/generic			Host metadata is missing from the ENA deposit despite the paper's clear focus on bovine rumen microbiota.	A catalog of microbial genes from the bovine rumen unveils a specialized and diverse biomass-degrading environment.	
PRJEB15296	host_missing		paper names: neonatal piglets (Sus scrofa); deposit blank/generic			Host missing: the paper clearly studies neonatal piglets but the ENA deposit contains no host information.	Structure and Function of the Fecal Microbiota in Diarrheic Neonatal Piglets.	
PRJEB1220	host_missing		paper names: homeothermic animals (guts of homeothermic animals); deposit blank/generic			Host identity is missing from the deposit metadata while the paper clearly identifies samples from homeothermic animal guts.	Genomic characterization of the uncultured Bacteroidales family S24-7 inhabiting the guts of homeothermic animals.	
PRJEB15095	host_missing		paper names: Mouse (implied by context: intestinal inflammation study with animal model methodology and author affiliations); deposit blank/generic			Host organism is missing from the deposit metadata; the paper describes an animal model study of inflammation-associated dysbiosis, but the deposit host field is blank.	Microbial Respiration and Formate Oxidation as Metabolic Signatures of Inflammation-Associated Dysbiosis.	
PRJNA772888	host_mismatch; multihost_issue	paper: Eurasian otters (Lutra lutra) and leopard cats (Prionailurus bengalensis) vs deposit: Prionailurus bengalensis			Paper abstract and title explicitly name two distinct host species (Eurasian otters Lutra lutra and leopard cats Prionailurus bengalensis) as subjects of the same study, but deposit host field contains only Prionailurus bengalensis. Sample-level deposit metadata fields are empty, preventing explicit verification, but the mismatch between paper's dual-host framing and deposit's single-host listing indicates incomplete metadata.	The paper investigates fecal samples from two distinct wildlife hosts (Eurasian otters and leopard cats), but the deposit host field records only Prionailurus bengalensis, missing the second host species entirely.	The host-specific resistome in environmental feces of Eurasian otters (Lutra lutra) and leopard cats (Prionailurus bengalensis) revealed by metagenomic sequencing.	Prionailurus bengalensis
PRJEB6997	gut_sample_issue			Deposit host field explicitly states 'human oral metagenome', which is an oral/mouth sample site, not a gut sample.		The deposit indicates 'human oral metagenome' but the paper describes a gut microbiota study; this is a genuine body-site mismatch (oral vs. gut) that warrants flagging.	Alternation of the gut microbiota in metabolically healthy obesity: An integrated multiomics analysis.	human oral metagenome
PRJNA1254096	multihost_issue				Paper abstract explicitly names three indigenous fish species: Schizothorax biddulphi (SB), Diptychus maculatus (DM), and Triplophysa yarkandensis (TY), each with distinct biomarkers and profiles. Deposit host field lists only Diptychus maculatus.	The deposit host field lists only Diptychus maculatus, but the paper investigates three distinct indigenous fish species (Schizothorax biddulphi, Diptychus maculatus, Triplophysa yarkandensis) with species-specific findings, constituting a multihost_issue.	Shotgun metagenomics analysis of gut microbiota of three indigenous fish species from the Kizil River, Xinjiang.	Diptychus maculatus
PRJNA1063657	host_mismatch	paper: Larus relictus (Relict Gull) and Anatidae species (waterfowl/ducks) vs deposit: Escherichia coli				Critical host mismatch: paper studies wild bird gut microbiota (Larus relictus and Anatidae), but deposit lists Escherichia coli as the host organism.	Metagenomic and Antibiotic Resistance Analysis of the Gut Microbiota in <i>Larus relictus</i> and <i>Anatidae</i> Species Inhabiting the Honghaizi Wetland of Ordos, Inner Mongolia, from 2021 to 2023.	Escherichia coli
PRJEB50568	host_missing		paper names: children (humans); deposit blank/generic			Host missing: deposit lacks host metadata (should record 'Homo sapiens') despite paper's clear focus on children's faecal samples.	Evaluation of changes in the faecal resistome associated with children's exposure to domestic animals and food animal production.	
PRJNA559605	multihost_issue				Paper explicitly states samples from three distinct Panthera species (lion, leopard, tiger); deposit host field lists only Panthera tigris tigris.	The deposit's host field captures only Panthera tigris, but the paper explicitly compares gut microbiomes across three distinct Panthera species (lion, leopard, tiger), indicating incomplete host documentation in the deposit for a multi-host comparative study.	The Gene Catalog and Comparative Analysis of Gut Microbiome of Big Cats Provide New Insights on <i>Panthera</i> Species.	Panthera tigris tigris
PRJEB20308	host_missing; multihost_issue		paper names: human (Homo sapiens); deposit blank/generic		Paper explicitly compares 'dog and human gut microbiomes' but deposit host field lists only Canis lupus familiaris. Deposit sample-level metadata is empty, preventing verification of distinct host species labeling, but the paper's comparative design implies multiple host species were sampled.	Human host is missing from deposit metadata despite explicit presence in paper's comparative analysis of dog and human microbiomes.	Similarity of the dog and human gut microbiomes in gene content and response to diet.	Canis lupus familiaris
PRJEB7759	host_missing		paper names: homeothermic animals (guts of multiple homeothermic animal species implied); deposit blank/generic			host_missing flagged: paper clearly describes gut samples from homeothermic animals but deposit host field is blank, representing a metadata gap.	Genomic characterization of the uncultured Bacteroidales family S24-7 inhabiting the guts of homeothermic animals.	
PRJNA422434	host_missing		paper names: Human (Type 2 diabetes patients across populations); deposit blank/generic			Host is missing from deposit metadata: the paper describes human Type 2 diabetes patients but the deposit host field is blank.	Changes in the Type 2 diabetes gut mycobiome associate with metformin treatment across populations.	
PRJNA1320939	host_missing		paper names: lactating sows (Sus scrofa); deposit blank/generic			Host is missing from the ENA deposit metadata despite being clearly identified in the paper as lactating sows.	Data-driven enterosignatures link gut microbiome reorganization to heat stress responses in lactating sows.	
PRJNA804100	host_mismatch; multihost_issue	paper: Lampsilis cardium (freshwater mussel) AND Micropterus salmoides (host fish) vs deposit: Micropterus salmoides only			Paper abstract explicitly names two distinct host organisms: Lampsilis cardium (mussel) and Micropterus salmoides (fish). These are sampled in the same study with comparative microbiota analysis. Deposit lists only one host species.	The deposit metadata is incomplete: it captures only Micropterus salmoides but the paper explicitly studied and sampled gut microbiota from both M. salmoides and Lampsilis cardium, with L. cardium being a primary focus for microbiota analysis results.	Freshwater mussels and host fish gut microbe community composition shifts after agricultural contaminant exposure.	Micropterus salmoides
PRJEB41102	host_missing		paper names: human; deposit blank/generic			Paper describes human gut bacteria but deposit host field is missing—a metadata gap requiring attention.	Dispersal strategies shape persistence and evolution of human gut bacteria.	
PRJEB24006	host_missing		paper names: human neonates; deposit blank/generic			The paper studies human neonatal faecal microbiota, but the deposit lacks host metadata, resulting in a host_missing flag only.	Elevated faecal 12,13-diHOME concentration in neonates at high risk for asthma is produced by gut bacteria and impedes immune tolerance.	
PRJNA1269239	multihost_issue				Sample titles explicitly list 'Mallard' and 'Shaoxing duck' as distinct sample groups. Deposit sample-level metadata differentiates two species.	The study explicitly compares two duck species (Mallard and Shaoxing duck), which is properly reflected in both the paper and deposit metadata; this is the intended experimental design, not a data-quality error.	Multi-omics reveals gut microbiota-mediated environmental adaptation in Mallards and domesticated Shaoxing ducks.	Duck
PRJNA1158959	multihost_issue				Deposit explicitly lists 4 distinct Sus scrofa subspecies: Sus scrofa vittatus, Sus scrofa cristatus, Sus scrofa leucomystax, and Sus scrofa (unspecified). Paper title and abstract present this as a single comparative study of wild vs domesticated Sus without clearly breaking down individual subspecies as separate cohorts.	Deposit contains samples from 4 distinct Sus scrofa subspecies (vittatus, cristatus, leucomystax, plus unspecified scrofa), whereas the paper presents the analysis as a simple wild vs domesticated comparison without explicitly detailing the multiple subspecies composition.	Metagenomic insights into the global wild boar faecal microbiome reveal novel taxa and carbohydrate degraders distinguishing wild and domesticated Sus.	Sus scrofa vittatus
PRJNA945365	host_mismatch	paper: grass carp vs deposit: Micropterus salmoides				Critical host mismatch: paper studies grass carp but deposit samples are from largemouth bass (Micropterus salmoides).	Deciphering the gut microbiome of grass carp through multi-omics approach.	Micropterus salmoides
PRJEB4391	host_missing		paper names: kittens (feline); deposit blank/generic			Host metadata is missing from the ENA deposit (blank host field) even though the paper clearly describes kitten fecal samples.	Deep Illumina-based shotgun sequencing reveals dietary effects on the structure and function of the fecal microbiome of growing kittens.	
PRJEB13870	host_missing		paper names: human; deposit blank/generic			Host is missing from the deposit metadata: the paper studies human gut microbiota, but the ENA host field is blank.	Environmental remodeling of human gut microbiota and antibiotic resistome in livestock farms.	
PRJEB10878	host_missing		paper names: human; deposit blank/generic			Host is missing from the deposit host field despite clear human origin in the paper and sample metadata.	Diversity and distribution of sulfur metabolic genes in the human gut microbiome and their association with colorectal cancer.	
PRJNA1302757	host_missing		paper names: Teleogryllus occipitalis (female field cricket, Orthoptera: Gryllidae); deposit blank/generic			Host species (Teleogryllus occipitalis) is missing from the deposit host field, representing a metadata gap that should be filled.	Gut Microbiome Differences Across Mixed-Sex and Female-Only Social Rearing Regimes in Female Field Crickets Teleogryllus occipitalis (Orthoptera: Gryllidae).	
PRJNA894343	gut_sample_issue			Isolation sources include 'Farm_Feeder_and_Drinker', 'Farm_Wall_and_Floor', 'Negative Control library preparation', 'Negative Control of DNA extraction', 'Negative Control of Swab used for Environmental sampling', and 'Positive Control' — these are environmental and control samples, NOT gut samples.		Genuine gut_sample_issue detected: deposit includes environmental farm surfaces and controls, not purely gut samples as the paper's framing suggests.	Fine-tuning of post-weaning pig microbiome structure and functionality by in-feed zinc oxide and antibiotics use.	Sus scrofa
PRJNA717669	gut_sample_issue; multihost_issue			Isolation sources include: kidney, lung, spleen from multiple individual rats (R22, R26, R27, R28). These are organ/tissue samples, NOT gut samples.	Deposit sample-level data explicitly lists two distinct host species across samples: Rattus norvegicus and Rattus rattus (seen in isolation source labels and host_species_list).	Two issues detected: (1) samples are from non-gut organs (kidney, lung, spleen) despite apparent gut-microbiome framing, and (2) deposit explicitly names two distinct rat species (Rattus norvegicus and Rattus rattus) while paper presents them as undifferentiated 'wild rodents.'	The selection of software and database for metagenomics sequence analysis impacts the outcome of microbial profiling and pathogen detection.	Rattus norvegicus
PRJEB73511	gut_sample_issue; multihost_issue			Paper describes sampling horses' skin, oral, and fecal microbiomes ('along with the horses' skin, oral and fecal microbiomes'). The deposit biome labels include 'horse metagenome' and the sample titles 'Horse microbiome' do not distinguish sample types, but the paper explicitly states non-gut samples (skin and oral) were collected from horses.	The deposit's sample-level data (sample titles and biome labels) explicitly names two distinct host species: 'Horse microbiome' and 'Human gut microbiome' in the titles, and 'horse metagenome' and 'human gut metagenome' in the biome labels. The paper presents the study as examining both horse and human samples, which is confirmed by explicit multi-host labeling in the deposit metadata.	Deposit contains explicit evidence of two hosts (horse and human samples) with non-gut samples (horse skin and oral) that are not clearly distinguished in metadata, creating minor annotation gaps rather than outright errors.	A 15-day pilot biodiversity intervention with horses in a farm system leads to gut microbiome rewilding in 10 urban Italian children.	horse metagenome
PRJNA671703	gut_sample_issue			Sample titles and biome labels explicitly include 'soil metagenome' and 'manure metagenome'. The abstract describes sampling 'fresh manure, manure from pits, and field soil'. Field soil is not a gut sample.		Gut sample issue flagged: deposit explicitly contains soil metagenome samples, which are non-gut environmental samples, not gut microbiome samples.	Manure Microbial Communities and Resistance Profiles Reconfigure after Transition to Manure Pits and Differ from Those in Fertilized Field Soil.	manure metagenome
PRJNA479518	gut_sample_issue; multihost_issue			Isolation sources list 'vulture face' and 'vulture gut'. Facial skin is a non-gut surface sample.	Paper describes two distinct vulture species: Coragyps atratus (black vulture) and Cathartes aura (turkey vulture). Deposit host field shows only generic 'vulture' but isolation sources ('vulture face', 'vulture gut') do not explicitly disambiguate which species each sample came from at the sample level.	Study includes non-gut body sites (facial skin) alongside gut samples, and the deposit lacks sample-level species disambiguation between the two vulture species mentioned in the paper.	Protective role of the vulture facial skin and gut microbiomes aid adaptation to scavenging.	vulture
PRJNA932553	host_mismatch; gut_sample_issue	paper: Ailuropoda melanoleuca (giant panda), Ursus thibetanus (Asiatic black bear), Homo sapiens (human), and gorillas vs deposit: Homo sapiens		Sample titles reference 'human oral metagenome' and biome labels show 'human oral metagenome'. The paper states 118 samples total: 28 supragingival (oral) samples and 90 fecal samples. The deposit metadata explicitly identifies samples as oral, not gut/fecal.		The deposit (Homo sapiens oral samples only) does not represent the full multi-host scope described in the paper (giant pandas, bears, humans, gorillas), and sample-level metadata indicates oral rather than fecal samples, creating both host and sample-type discrepancies.	Comprehensive metagenomic analysis of the giant panda's oral microbiome reveals distinct taxonomic and functional characteristics.	Homo sapiens
PRJEB88012	host_missing		paper names: chicken (commercial chickens); deposit blank/generic			Host is missing from the deposit ENA metadata despite the paper explicitly sampling from commercial chickens.	Investigating microbial population structure and function in the chicken caeca and large intestine over time using metagenomics.	
PRJNA1234694	host_mismatch	paper: Diaprepes abbreviatus vs deposit: Diaprepres abbreviatus				Spelling error in deposit host field ('Diaprepres' instead of 'Diaprepes') is the only issue, representing a metadata transcription error rather than a genuine biological mismatch.	Gut microbial community structure of the adult citrus root weevil Diaprepes abbreviatus.	Diaprepres abbreviatus
PRJNA1297587	gut_sample_issue; multihost_issue			Deposit isolation sources include 'leaves' (non-gut samples); sample titles and biome labels confirm leaf metagenome samples alongside gut samples.	Host species list shows TWO distinct organisms: 'Citrus x aurantiifolia' and 'Diaprepes abbreviatus'. Sample-level data (isolation sources, biome labels) explicitly segregate these: 'gut' samples from D. abbreviatus; 'leaf metagenome' and 'leaves' isolation source indicating Citrus sampling.	The deposit contains non-gut samples (leaves from Citrus) and explicitly lists two host species, both acknowledged in the paper as a comparative control design, making these methodologically justified rather than reporting errors.	Gut microbial community structure of the adult citrus root weevil Diaprepes abbreviatus.	Diaprepes abbreviatus
PRJNA509211	multihost_issue				Deposit sample-level data (sample titles and host_species_list) explicitly names FIVE DISTINCT termite species: Cryptotermes domesticus, Cryptotermes secundus, Prorhinotermes simplex, Reticulitermes flavipes, Reticulitermes grassei. Paper title and abstract refer to 'a set of lower termite species' and 'five termite species', treating them as a comparative study, not as a single-host study.	No genuine reporting errors detected. The study properly compares microbiomes across five lower termite species; deposit and paper are consistent.	Ecological specificity of the metagenome in a set of lower termite species supports contribution of the microbiome to adaptation of the host.	Cryptotermes secundus
PRJNA750644	multihost_issue				Deposit host_species_list shows 2 distinct species: Pardosa agraria and Pardosa laura. Paper compares gut microbiota of both species.	Multihost issue: deposit sample-level data explicitly identify two distinct Pardosa species (agraria and laura) while the deposit host field lists only P. agraria.	Diversity and Function of Wolf Spider Gut Microbiota Revealed by Shotgun Metagenomics.	Pardosa agraria
PRJNA641765	gut_sample_issue			Sample titles and biome labels explicitly state 'human skin metagenome'. Deposit metadata indicates skin samples, not gut samples. Paper title and abstract confirm 'skin microbiome' as the study target.		No genuine reporting errors detected. Paper and deposit are in full agreement: human skin microbiome study with Homo sapiens as host, correctly labeled as skin (not gut) samples.	The Neuromodulator-Encoding sadA Gene Is Widely Distributed in the Human Skin Microbiome.	Homo sapiens
PRJNA1067380	multihost_issue				Paper title and abstract describe characterization of gut microbiota of TWO distinct parasitoid wasp species: Cotesia vestalis and Diadromus collaris. Deposit host field lists only 'Cotesia vestalis' (1 distinct species).	The deposit metadata is incomplete: it lists only Cotesia vestalis while the paper studies two parasitoid wasp species (C. vestalis and D. collaris), representing a multihost issue not fully captured in the deposit.	Characterization of larval gut microbiota of two endoparasitoid wasps associated with their common host, Plutella xylostella (Linnaeus) (Lepidoptera: Plutellidae).	Cotesia vestalis
PRJEB57214	host_missing		paper names: mice; deposit blank/generic			Host metadata gap: paper describes mice but deposit host field is empty, constituting host_missing rather than mismatch.	Impaired flux of bile acids from the liver to the gut reveals microbiome-immune interactions associated with liver damage.	
PRJNA255439	gut_sample_issue			Paper title and abstract explicitly state 'oropharyngeal microbiome' and 'oropharynx'. Deposit body-sites field is empty (no metadata confirming oral/oropharyngeal site). Sample titles (ES_001, ES_007, etc.) provide no indication of body site.		Valid reporting issue: paper describes oropharyngeal microbiome samples but deposit body-sites field is empty, creating a metadata gap for a non-gut oral site study.	Composition, taxonomy and functional diversity of the oropharynx microbiome in individuals with schizophrenia and controls.	Homo sapiens
PRJNA1243555	host_missing		paper names: Broiler chickens (Gallus gallus domesticus); deposit blank/generic			Host_missing issue: the deposit host field incorrectly lists the bacterial pathogen (E. coli) instead of the animal host (chickens), despite the isolation source correctly identifying chicken feces.	Oral and parenteral treatment with a third-generation cephalosporin promotes the proliferation of diverse ESBL-producing Escherichia coli in the chicken intestinal tract.	Escherichia coli
PRJNA1157353	multihost_issue				Paper abstract states: 'Using shotgun metagenomics on 200 worker bees from five honeybee species' and discusses microbiota evolution 'across' multiple honeybee species as the core subject. Deposit sample-level metadata explicitly lists five distinct Apis species (A. andreniformis, A. cerana, A. dorsata, A. florea, A. mellifera) across the samples.	Multi-host issue detected: study encompasses five distinct honeybee species (explicit in deposit sample-level data), which is appropriately framed in the paper but represents a genuinely multi-host comparative design.	Evolution of gut microbiota across honeybee species revealed by comparative metagenomics.	Apis cerana
PRJEB89425	host_missing		paper names: Indri indri (lemur); deposit blank/generic			Host identity (Indri indri) is missing from the ENA deposit metadata, representing a metadata gap rather than a conflict.	Bacterial transmission within social groups shapes the underexplored gut microbiome in the lemur Indri indri.	
PRJNA1244851	host_missing		paper names: Humans and animal models of cystic fibrosis; deposit blank/generic			Host metadata is missing from the deposit; the paper describes sampling from humans and CF animal models but the deposit host field is blank.	Profiling Bile Acids in the Stools of Humans and Animal Models of Cystic Fibrosis.	
PRJNA1209849	host_missing		paper names: SAMP8 mice; deposit blank/generic			Host species metadata is missing from deposit (SAMP8 mice not recorded), but this is a gap rather than a mismatch, as the mouse host is appropriate for an animal model study.	L-Tryptophan Produced by Bifidobacterium pseudocatenulatum NCU-08 Delays Aging in SAMP8 Mice by Activating the Sirt1/P53/P21/Rb Signaling Pathway.	
PRJNA1238482	multihost_issue				Paper title and abstract explicitly study TWO distinct snake species: 'Red Back Pine Root Snake (Oligodon formosanus)' AND 'Chinese Slug-Eating Snake (Pareas chinensis)'. Deposit host field lists only generic 'snake' without distinguishing or listing the two species.	The study involves two distinct snake species (Oligodon formosanus and Pareas chinensis) but the deposit host metadata only records generic 'snake' without capturing the multi-host design.	Characterization and comparison of the fecal bacterial microbiota in Red Back Pine Root Snake (Oligodon formosanus) and Chinese Slug-Eating Snake (Pareas chinensis).	snake
PRJEB60852	host_mismatch; multihost_issue	paper: Yunnan snub-nosed monkey and reindeer vs deposit: Rangifer tarandus platyrhynchus			Paper explicitly states two phylogenetically distant mammals were studied: 'Yunnan snub-nosed monkey and reindeer'. Deposit host field names only Rangifer tarandus platyrhynchus (reindeer). The deposit's own sample titles and biome labels do not explicitly enumerate both species, indicating incomplete metadata capture of the multi-host design described in the paper.	Host mismatch and multihost issue: paper describes a comparative study of two phylogenetically distant mammals (snub-nosed monkey and reindeer), but deposit metadata reflects only reindeer (Rangifer tarandus platyrhynchus).	Gut microbiota contribute to cold adaptation in mammals-primates and ungulates.	Rangifer tarandus platyrhynchus
PRJNA1134918	host_mismatch	paper: mice (implied animal model of human intestinal radioprotection) vs deposit: Bifidobacterium animalis and Bifidobacterium pseudolongum (bacterial species)				Host metadata error: deposit lists bacterial species (Bifidobacterium) as host instead of the mammalian host animal from which stool samples were collected.	Creatine-mediated ferroptosis inhibition is involved in the intestinal radioprotection of daytime-restricted feeding.	Bifidobacterium animalis
PRJNA681546	host_missing		paper names: Human (ulcerative colitis patients, implied by 'gut microbiota studies' in medical context); deposit blank/generic			Host missing: paper describes a human ulcerative colitis study but deposit host field is blank.	Absolute Quantitative Metagenomic Analysis Provides More Accurate Insights for the Anti-Colitis Effect of Berberine via Modulation of Gut Microbiota.	
PRJNA1146968	multihost_issue				Deposit host_species_list explicitly names THREE DISTINCT species: Capricornis sumatraensis, Cervus albirostris, Moschus berezovskii. The paper title states 'three sympatric forest-dwelling ungulates' and abstract mentions comparative study among sympatric species, confirming the three-species design.	The deposit correctly captures a multi-host comparative gut microbiome study of three sympatric ungulate species as described in the paper; multihost_issue flag reflects the multi-species design (not an error), and no genuine reporting discrepancies are detected.	Gut microbiome reveals the trophic variation and significant adaption of three sympatric forest-dwelling ungulates on the eastern Qinghai-Xizang Plateau.	Moschus berezovskii
PRJNA1044797	multihost_issue				Deposit host_species_list contains 4 distinct Bombus species (B. impatiens, B. rufocinctus, B. ternarius, B. vagans), but deposit host field only names 'Bombus impatiens'. Paper abstract and title acknowledge multiple bumble bee species sampled.	Multihost issue detected: deposit sample-level data explicitly names 4 distinct Bombus species, but the summary host field lists only B. impatiens, creating a metadata completeness gap.	Bumble bee gut microbial community structure differs between species and commercial suppliers, but metabolic potential remains largely consistent.	Bombus impatiens
PRJEB43192	multihost_issue				Deposit sample-level biome labels and host_species_list explicitly name two distinct hosts: Gallus gallus and Salmo salar. Biome labels include 'Gallus gallus', 'Salmo salar', 'chicken gut metagenome', 'fish gut metagenome'. Sample titles and metadata confirm both species.	Multihost issue is flagged but represents correct metadata—the HoloFood project genuinely studied both salmon and chicken, and both hosts are properly documented in deposit and paper.	HoloFood Data Portal: holo-omic datasets for analysing host-microbiota interactions in animal production.	Gallus gallus
PRJNA560329	multihost_issue				Deposit host_species_list shows 8 distinct termite species: Cornitermes sp., Embiratermes neotenicus, Isognathotermes ugandensis, Labiotermes labralis, Microcerotermes parvus, Nasutitermes corniger, Neocapritermes taracua, Termes hospes. Paper abstract frames study as exploring 'the microbial landscape within termite guts varies across termite families' and compares lower termites vs higher termites as a conceptual framework, but does not explicitly declare that the dataset merges samples from 8 independent host species.	Deposit reveals 8 distinct termite host species in sample-level metadata, but paper abstract does not transparently disclose this multi-host composition, creating a reporting clarity issue.	Unveiling lignocellulolytic potential: a genomic exploration of bacterial lineages within the termite gut.	Labiotermes labralis
PRJNA732531	multihost_issue				Deposit host species list explicitly names 45 DISTINCT termite species (Alyscotermes sp., Astalotermes quietus, Calcaritermes temnocephalus, Coatitermes kartaboensis, Constrictotermes cavifrons, Coptotermes formosanus, Cornitermes pugnax, Crepititermes verruculosus, Cryptotermes cavifrons, Cryptotermes dudleyi, Cylindrotermes parvignathus, Dicuspiditermes spinitibialis, Euhamitermes sp., Furculitermes sp., Globitermes sulphureus, Glyptotermes sp., Hodotermes mossambic... and 28 others). Paper abstract presents the study as a unified investigation across termite families but does not explicitly enumerate individual species.	Multihost issue detected: deposit explicitly lists 45 distinct termite species across samples, while paper presents findings using termite family categories (lower vs. higher termites) without clearly communicating the multi-species scope.	Unveiling lignocellulolytic potential: a genomic exploration of bacterial lineages within the termite gut.	Glyptotermes sp.
PRJNA1151203	multihost_issue				Deposit host_species_list and sample-level metadata explicitly distinguish two species: Macaca mulatta vestita and Semnopithecus schistaceus. Paper title and abstract present both species equally as subject of the study.	The deposit correctly documents two distinct host species (Semnopithecus schistaceus and Macaca mulatta vestita) at the sample level, matching the paper's comparative microbiome study design; all samples are from gut (feces), and no genuine errors detected.	Geographic and environmental impacts on gut microbiome in Himalayan langurs (Semnopithecus schistaceus) and Xizang macaques (Macaca mulatta vestita).	Semnopithecus schistaceus
PRJNA1123873	host_mismatch	paper: Spodoptera frugiperda (Fall Armyworm insect larvae) vs deposit: Enterococcus casseliflavus (bacterium)				Host mismatch detected: paper studies Fall Armyworm (Spodoptera frugiperda) gut microbiota, but deposit host field incorrectly lists a bacterial species (Enterococcus casseliflavus) instead of the insect host.	Metagenomic profiling of gut microbiota in Fall Armyworm (Spodoptera frugiperda) larvae fed on different host plants.	Enterococcus casseliflavus
PRJNA1135459	host_mismatch	paper: SD rats vs deposit: Mus musculus				Host species mismatch: paper reports SD rats; deposit records Mus musculus (mouse)—these are distinct rodent species, not synonymous.	Assessment of the potential risks in SD rats gavaged with genetically modified yeast containing the cp4-epsps gene.	Mus musculus
PRJNA1108955	multihost_issue				Host species list shows 2 distinct species: 'Lycodon rosozonatus' and 'Lycodon rufozonatus'. The deposit sample-level data explicitly names both species as hosts across the project.	Multi-host issue detected: deposit sample metadata explicitly includes two distinct Lycodon species, while the paper's presentation of host sampling is not sufficiently detailed to confirm alignment with this multi-species composition.	How Host Phylogeny, Diet, and Habitat Affect Gut Microbial Diversity in Wild Snakes.	Lycodon rufozonatus
PRJNA1144187	host_missing		paper names: wild snakes (23 species); deposit blank/generic			Host missing: the paper studies wild snakes but the deposit lacks a populated host field, representing a metadata gap.	How Host Phylogeny, Diet, and Habitat Affect Gut Microbial Diversity in Wild Snakes.	missing
PRJNA1302101	host_mismatch	paper: Nannopterum auritum (double-crested cormorant) vs deposit: Phalacrocorax auritus				Host mismatch: the deposit host field uses outdated taxonomy (Phalacrocorax auritus) while the paper and deposit isolation-source field correctly identify the modern species name (Nannopterum auritum).	Hi-C Metagenome Deconvolution of Double-Crested Cormorant (Nannopterum auritum) Fecal Samples Demonstrates Feasibility of Linking Microbial Genomes, AMR Genes, and Mobile Elements in Avian Microbiomes.	Phalacrocorax auritus
PRJNA1477333	host_missing		paper names: broiler chickens; deposit blank/generic			Host is missing from the deposit metadata: the paper studies broiler chickens but the deposit host field is empty.	Investigation of the Effect of TiO(2) as a Dietary Marker on Broiler Intestinal Fermentation: Combination of Ex Vivo Simulation and In Vivo Approach.	
PRJNA1442370	host_missing		paper names: Forest Musk Deer; deposit blank/generic			Host identity (forest musk deer) is missing from the ENA deposit host field, representing a significant metadata gap despite clear specification in the paper.	Altitude-Associated Divergence of the Gut Microbiome in Endangered Forest Musk Deer: Evidence From Integrated Metagenomics, Metabolomics, and Culturomics.	
PRJNA1212753	host_mismatch	paper: vertebrate gut microbiomes (multiple species implied by 'vertebrate' - includes humans and other vertebrates based on context of bilirubin reduction pathway) vs deposit: Canis lupus familiaris (dog)				Host mismatch detected: paper describes vertebrate-wide gut microbiomes but deposit specifies only Canis lupus familiaris.	Discovery of BilV reveals a multienzymatic basis for bilirubin reduction across vertebrate gut microbiomes.	Canis lupus familiaris
PRJNA1399069	host_missing; multihost_issue		paper names: freshwater fish (five dominant farmed species); deposit blank/generic		Paper explicitly states 'five dominant farmed freshwater fish species with distinct feeding habits (herbivory, omnivory, filter-feeding, and carnivory)'. Deposit provides no host data to confirm or deny this multiplicity	Deposit lacks all host and sample-level metadata (host field, body sites, isolation sources empty); paper describes five freshwater fish species, making host_missing and multihost_issue flaggable.	Dietary niches drive microbial community assembly, network reorganization, and symbiont evolution in freshwater fish gut microbiomes.	
PRJNA1376267	host_missing		paper names: domestic cats (Felis catus); deposit blank/generic			Host metadata gap: the paper studies domestic cats, but the ENA deposit host field is empty, creating a host_missing error despite correct gut-source annotation in isolation source and sample titles.	The Gut Microbiome and Metabolome of Domestic Cats Were Altered by the Oral Administration of Complex Probiotics.	
PRJNA1154995	host_missing		paper names: wildlife species from Wolong Nature Reserve (e.g., giant panda, other wild animals); deposit blank/generic			Host species information is missing from the deposit metadata despite the paper studying multiple wildlife species from Wolong Nature Reserve.	Dietary drivers of gut microbiota diversity and function in wildlife of Wolong Nature Reserve: a metagenomic study.	feces metagenome
PRJNA890321	multihost_issue				Deposit sample-level data explicitly lists 2 distinct host species: Cygnus cygnus and Cygnus atratus. Paper title refers to 'wild birds' (singular concept) without explicitly stating multiple bird species were sampled.	Multihost issue detected: deposit contains two distinct Cygnus species (C. cygnus and C. atratus) while paper presents a single unified bird microbiome study without explicitly acknowledging the species-level diversity.	A Genomic Catalog of Migratory Microbiomes from Wild Birds across China's Habitats.	Cygnus cygnus
PRJNA1175865	multihost_issue				Deposit sample-level metadata explicitly lists three distinct host species across samples: Alexandromys fortis, Apodemus agrarius, and Rattus norvegicus. Paper title and abstract refer to 'wild rodents' as a single entity being studied for microbiota response to infection, without acknowledging three separate host species.	Deposit contains samples from three distinct rodent species (Alexandromys fortis, Apodemus agrarius, Rattus norvegicus) that should be explicitly distinguished in the study reporting, not collapsed under the umbrella term 'wild rodents'.	Gut microbiota response to Enterocytozoon bieneusi infection in wild rodents: enhanced vitamin B and K(2) biosynthesis pathways.	Alexandromys fortis
PRJEB89408	host_mismatch; multihost_issue	paper: 23 marsupial species (multiple species studied) vs deposit: Trichosurus vulpecula (single species)			The deposit biome labels explicitly list multiple distinct marsupial host species: Dactylopsila trivirgata, Dendrolagus lumholtzi, Lasiorhinus latifrons, Macropus giganteus, Notamacropus agilis, Notamacropus parma, Notamacropus rufogriseus, Onychogalea unguifera, Osphranter rufus, and others (list truncated with 'P...'). The deposit host field only names Trichosurus vulpecula, which does not capture the multi-host nature evident in the biome labels.	The study involves 23 marsupial species, but the deposit host field lists only Trichosurus vulpecula while biome labels reveal multiple distinct marsupial species, creating both a host_mismatch and multihost_issue.	A molecular inventory of the faecal microbiomes of 23 marsupial species.	Trichosurus vulpecula
PRJNA340521	host_mismatch	paper: marsupials vs deposit: Capybara				Host mismatch detected: paper describes marsupials but deposit samples are explicitly from Capybara (a rodent, not a marsupial).	Metagenomic analysis of fecal microbiomes reveals genetic potential for diverse hydrogen management strategies in marsupials.	
PRJNA752224	host_missing		paper names: marsupials; deposit blank/generic			Host missing: paper studies marsupials but deposit host field is blank, though deposit isolation/biome metadata confirms gut samples which is appropriate for the study.	Metagenomic analysis of fecal microbiomes reveals genetic potential for diverse hydrogen management strategies in marsupials.	
PRJNA543906	host_mismatch	paper: Tibetan antelopes (Pantholops hodgsonii) vs deposit: Homo sapiens				Critical host_mismatch: paper studies Tibetan antelope gut microbiome, but deposit metadata incorrectly lists Homo sapiens as host.	Comprehensive profiling of antibiotic resistance, virulence genes, and mobile genetic elements in the gut microbiome of Tibetan antelopes.	Homo sapiens
PRJNA1088789	multihost_issue				The deposit's sample-level data explicitly lists four distinct host species: Elaphe taeniura, Pareas formosensis, Protobothrops jerdonii, and Rhabdophis chiwen across the samples. The paper also names four snake species but does not clearly enumerate all four by species name in the abstract provided.	The deposit contains samples from four distinct snake species (Elaphe taeniura, Pareas formosensis, Protobothrops jerdonii, Rhabdophis chiwen), which aligns with the paper's title 'Four Snake Species.' This is the study design, not a reporting error, and the multihost structure is properly represented in both sources.	The Influence of Diet on the Composition and Function of Gut Microbiota in Four Snake Species.	Elaphe taeniura
PRJNA1306187	host_missing		paper names: deer mice (Peromyscus maniculatus) — wild-living populations across the United States; deposit blank/generic			Host missing: the paper identifies deer mice (Peromyscus maniculatus) as the sampled organism, but the deposit host field is blank.	Isolation by distance promotes strain diversification in the wild mouse gut microbiota.	
PRJEB47909	host_missing		paper names: humans (and other social animals); deposit blank/generic			Host field is missing in the deposit despite the paper describing human microbiome samples; the biome label provides implicit confirmation but explicit host metadata should be recorded.	Shared environments complicate the use of strain-resolved metagenomics to infer microbiome transmission.	
PRJNA1092791	multihost_issue				Deposit sample-level titles explicitly name four donor species: 'Bama-mini pig donor bacteria' (Sus scrofa), 'Beagle dog donor bacteria' (Canis lupus familiaris), plus Macaca fascicularis and Mus musculus implied in the design. Deposit host_species_list shows: Canis lupus familiaris; Macaca fascicularis; Mus musculus; Sus scrofa (four distinct species).	No genuine reporting errors. The study explicitly describes a multi-donor, single-recipient (germ-free mouse) microbiota transplant design, which is correctly reflected in both the paper and deposit metadata.	Colonization of microbiota derived from Macaca fascicularis, Bama miniature pigs, beagle dogs, and C57BL/6J mice alleviates DSS-induced colitis in germ-free mice.	Mus musculus
PRJNA884830	host_missing		paper names: Rhinopithecius bieti (Yunnan snub-nosed monkey); deposit blank/generic			Host species (Rhinopithecius bieti) is identified in the paper but missing from the deposit host field, which contains only a generic descriptor; sample type is correctly gut-derived (feces).	Metagenomic and culture-dependent analysis of Rhinopithecius bieti gut microbiota and characterization of a novel genus of Sphingobacteriaceae.	feces metagenome
PRJNA1067830	multihost_issue				Deposit host species field explicitly lists 2 distinct species: 'Homo sapiens; Mus musculus'. Sample titles and biome labels include both 'mouse gut metagenome' samples and references to isolates. The paper presents the intervention as a human malnutrition study but the deposit contains samples from two distinct host organisms without clear segregation in the abstract's framing.	The deposit contains samples from two distinct host species (Homo sapiens and Mus musculus) but the paper abstract does not clearly disclose this multi-host composition, constituting a reporting transparency issue.	Prevotella copri and microbiota members mediate the beneficial effects of a therapeutic food for malnutrition.	Mus musculus
PRJNA1031251	host_missing		paper names: Jianghan chicken (Gallus gallus domesticus); deposit blank/generic			Host metadata is missing from the deposit (ground-truth gap), though the paper clearly identifies Jianghan chicken as the sampled host.	Metagenome-assembled genome reveals species and functional composition of Jianghan chicken gut microbiota and isolation of Pediococcus acidilactic with probiotic properties.	missing
PRJNA1003305	host_missing		paper names: not explicitly named in the provided abstract; deposit blank/generic			The paper abstract fails to explicitly state the host organism, creating a reporting gap; the deposit assigns 'Mice' as the host, but this fundamental mismatch between an apparently human clinical study and a mouse deposit warrants clarification.	Comprehensive analysis of the gut microbiome and post-translational modifications elucidates the route involved in microbiota-host interactions.	Mice
PRJNA942254	multihost_issue				Deposit host_species_list contains 9 distinct species: Cabassous unicinctus, Dasypus kappleri, Dasypus novemcinctus, Dasypus sp., Myrmecophaga tridactyla, Orycteropus afer, Proteles cristata, Smutsia temminckii, Tamandua tetradactyla. Paper title frames this as 'convergent myrmecophagous mammals' (plural, multiple species). While the paper acknowledges multiple species, the deposit explicitly names all 9 species across samples, confirming a genuinely multi-host study.	This is a legitimate multi-host comparative metagenomics study of myrmecophagous mammals; the deposit correctly documents 9 distinct host species in sample-level metadata, and the paper's framing of convergent dietary adaptations across these species is consistent with the deposit structure.	Metagenomics uncovers dietary adaptations for chitin digestion in the gut microbiota of convergent myrmecophagous mammals.	Proteles cristata
PRJNA938989	host_mismatch	paper: Cynoglossus semilaevis (half-smooth tongue sole, a fish) vs deposit: Acinetobacter baumannii (a bacterium)				The deposit host field incorrectly lists 'Acinetobacter baumannii' (a bacterium) instead of the actual host organism, Cynoglossus semilaevis (the fish from which samples were taken).	Population response of intestinal microbiota to acute Vibrio alginolyticus infection in half-smooth tongue sole (Cynoglossus semilaevis).	Acinetobacter baumannii
PRJEB29346	host_mismatch	paper: salmonid (fish) vs deposit: Gadus morhua (Atlantic cod)				Critical host_mismatch: paper describes salmonid intestinal samples, but deposit is Gadus morhua (Atlantic cod, a gadid), not a salmonid fish.	Co-diversification of an intestinal Mycoplasma and its salmonid host.	Gadus morhua
PRJNA811648	host_missing		paper names: human (implied by context of oral implantology/periodontal pathogen and systemic disease progression in humans); deposit blank/generic			Host organism (human) is implied by the paper's context but missing from the deposit metadata, constituting a metadata gap rather than a true mismatch.	Multi-omics insights reveal the remodeling of gut mycobiome with P. gingivalis.	missing
PRJNA787384	host_mismatch; multihost_issue	paper: Yunnan snub-nosed monkey (Rhinopithecus bieti) AND bamboo-eating panda (Ailuropoda melanoleuca) vs deposit: Rhinopithecus bieti only			Paper explicitly studies two distinct host species: Yunnan snub-nosed monkey (Rhinopithecus bieti) and bamboo-eating panda (Ailuropoda melanoleuca). Deposit host field lists only Rhinopithecus bieti. Sample titles (W-10, W-12, W-24, W-25, W-29) do not disambiguate which samples belong to which host.	The paper studies gut microbiomes from two host species (Yunnan snub-nosed monkey and bamboo-eating panda), but the deposit lists only Rhinopithecus bieti, indicating incomplete or mismatched host metadata.	Functional convergence of Yunnan snub-nosed monkey and bamboo-eating panda gut microbiomes revealing the driving by dietary flexibility on mammal gut microbiome.	Rhinopithecus bieti
PRJNA718160	host_mismatch; multihost_issue	paper: Rhinopithecus roxellana vs deposit: Rhinopithecus roxellana; Macaca mulatta			Deposit sample-level metadata explicitly lists 2 distinct host species: Macaca mulatta and Rhinopithecus roxellana. Paper title and abstract focus solely on Rhinopithecus roxellana captivity, with no mention of Macaca mulatta samples.	The deposit metadata reveals explicit samples from two distinct host species (Rhinopithecus roxellana and Macaca mulatta), but the paper describes only Rhinopithecus roxellana, constituting a genuine multihost reporting error.	Captivity Influences the Gut Microbiome of Rhinopithecus roxellana.	Rhinopithecus roxellana
PRJNA671745	host_missing; gut_sample_issue		paper names: Procambarus clarkii (red swamp crayfish); deposit blank/generic	Deposit isolation sources and biome labels include: 'sediment of red swamp crayfish aquaculture pond', 'water of red swamp crayfish aquaculture pond', 'sediment metagenome', and 'aquatic metagenome'. These are non-gut environmental samples.		The deposit metadata is incomplete (host field generic) and reveals a multi-environment study including non-gut samples (sediment, water) that are not emphasized in the paper's gut-focused title and abstract.	Metagenomics Analysis Reveals Compositional and Functional Differences in the Gut Microbiota of Red Swamp Crayfish, Procambarus clarkii, Grown on Two Different Culture Environments.	sediment metagenome
PRJNA728669	gut_sample_issue			Deposit isolation source is 'Chicken manure', not black soldier fly gut.		The study claims to survey bacterial species in BSF larval guts, but the deposit isolation source is documented as chicken manure (the rearing substrate), raising uncertainty about whether samples are actually from BSF gut tissue or from the substrate itself.	A Molecular Survey of Bacterial Species in the Guts of Black Soldier Fly Larvae (Hermetia illucens) Reared on Two Urban Organic Waste Streams in Kenya.	Hermetia illucens
PRJEB41222	host_missing		paper names: broiler chicks; deposit blank/generic			Host missing: deposit lacks host identity metadata while paper clearly describes broiler chick cecal microbiome samples.	The link between broiler flock heterogeneity and cecal microbiome composition.	
PRJEB41306	host_missing		paper names: Blattella germanica (German cockroach); deposit blank/generic			The deposit host field is improperly generic ('insect gut metagenome') instead of recording the species-level host identity (Blattella germanica) that the paper clearly identifies.	Interkingdom Gut Microbiome and Resistome of the Cockroach Blattella germanica.	insect gut metagenome
PRJNA316560	host_mismatch	paper: human (implied by title and abstract fragment 'Large-scale metagenome assemblies of human...') vs deposit: Anser indicus (bar-headed goose)				Host mismatch: paper indicates human metagenome assemblies while deposit specifies Anser indicus (bar-headed goose) as the host.	Large-Scale Metagenome Assembly Reveals Novel Animal-Associated Microbial Genomes, Biosynthetic Gene Clusters, and Other Genetic Diversity.	Anser indicus
PRJEB38000	host_missing		paper names: humans (adults with various lactase persistence genotypes); deposit blank/generic			Host metadata is missing from the ENA deposit—the paper describes human gut microbiome samples but the deposit host field is blank and contains only generic 'metagenome' labels.	Strain-Level Analysis of Bifidobacterium spp. from Gut Microbiomes of Adults with Differing Lactase Persistence Genotypes.	
PRJEB32496	host_mismatch; multihost_issue	paper: swine and cattle vs deposit: Bos (cattle only)			Paper abstract and title explicitly state the study sampled 'swine and cattle' (two distinct host species). Deposit host field lists only 'Bos' (cattle), failing to capture the swine component that is central to the paper's subject matter.	The deposit host metadata is incomplete: it captures only Bos (cattle) when the paper explicitly studies both swine and cattle gut microbiomes, representing a genuine reporting gap in host species documentation.	Antibiotic resistomes discovered in the gut microbiomes of Korean swine and cattle.	Bos
PRJEB31051	host_missing		paper names: Blattella germanica; deposit blank/generic			The deposit lacks specific host species identification (Blattella germanica), recording only the generic 'insect gut metagenome', which constitutes a host_missing metadata gap.	Unraveling Assemblage, Functions and Stability of the Gut Microbiota of Blattella germanica by Antibiotic Treatment.	insect gut metagenome
PRJEB31742	host_missing		paper names: Pig (Sus scrofa); deposit blank/generic			Host species (pig) is missing from the deposit metadata, though clearly documented in the paper.	Characterization of the Pig Gut Microbiome and Antibiotic Resistome in Industrialized Feedlots in China.	
PRJEB21490	host_missing		paper names: mice; deposit blank/generic			Host species 'mice' is named in the paper but the deposit host field is blank/generic, constituting a host_missing metadata gap.	Subchronic low-dose 2,4-D exposure changed plasma acylcarnitine levels and induced gut microbiome perturbations in mice.	metagenomes
PRJNA430956	multihost_issue				Deposit explicitly lists two distinct host species (Papio kindae and Papio anubis) in the host_species_list. Sample titles (CC1, CC2, CH, CS, DE) are too generic to disambiguate which samples belong to which species, but the deposit metadata itself indicates both species are represented.	The deposit contains samples from two distinct baboon species (Papio kindae and Papio anubis), while the paper title refers to 'Baboon' without explicit acknowledgment of the species heterogeneity.	Characterization of Wild and Captive Baboon Gut Microbiota and Their Antibiotic Resistomes.	Papio kindae
PRJNA415003	gut_sample_issue; multihost_issue			Deposit isolation_source field lists 'feces' exclusively, which is a gut-derived sample. Study title mentions 'bat metagenome' but isolation source is explicitly feces (gut content), not gut tissue itself.	Deposit host_species_list explicitly contains 4 distinct bat species: Desmodus rotundus, Macroderma gigas, Rhinolophus ferrumequinum, Rousettus aegyptiacus. Paper abstract focuses on the common vampire bat (Desmodus rotundus) hologenome without explicitly stating this is a multi-host comparative study.	Genuine multihost_issue detected: deposit contains 4 distinct bat species while paper presents study as focused on common vampire bat; gut_sample_issue flagged but scientifically appropriate (feces for microbiome study).	Hologenomic adaptations underlying the evolution of sanguivory in the common vampire bat.	Desmodus rotundus
PRJNA158313	multihost_issue				Sample titles explicitly mention both 'Rhinopithecus bieti' and 'pygmy loris' (Xanthonycticebus pygmaeus); biome labels also list 'Xanthonycticebus pygmaeus'. The deposit's sample-level metadata names at least two distinct primate host species.	Critical mismatch: paper describes Iberian lynx (Lynx pardinus) gut microbiome; deposit lists primate hosts (Rhinopithecus bieti and pygmy loris), which are entirely different organisms. Additionally, the deposit exhibits multihost data not matching the single-host paper.	Gene sets for utilization of primary and secondary nutrition supplies in the distal gut of endangered Iberian lynx.	Rhinopithecus bieti
