study_accession	fetch_status	n_samples	children
PRJNA379709	OK	8	
PRJNA806482	OK	18	
PRJNA873123	OK	32	
PRJDB9383	OK	8	
PRJNA947387	OK	27	
PRJNA1211805	OK	78	
PRJNA820553	OK	15	
PRJEB41657	OK	359	
PRJEB70517	OK	173	
PRJNA1047964	OK	14	
PRJEB58441	OK	587	
PRJNA385134	OK	26	
PRJEB40719	OK	31	
PRJNA715658	OK	751	
PRJNA1405988	OK	64	
PRJNA595610	OK	1	
PRJDB1459	OK	1	
PRJNA475246	OK	286	
PRJNA389927	OK	181	
PRJDB16260	OK	250	
PRJNA782061	OK	6	
PRJNA398089	OK	2979	
PRJNA1108401	OK	1	
PRJNA903767	OK	34	
PRJNA926485	OK	23	
PRJNA1283350	OK	48	
PRJEB77930	OK	3	
PRJEB50555	OK	537	
PRJNA1227753	OK	9	
PRJNA631951	OK	24	
PRJEB74042	OK	931	
PRJNA660443	OK	70	
PRJNA951897	OK	15	
PRJNA695396	OK	39	
PRJNA822495	OK	3	
PRJNA744213	OK	297	
PRJNA788972	OK	2	
PRJEB39465	OK	938	
PRJNA1125130	OK	20	
PRJNA909453	OK	50	
PRJNA1141391	OK	24	
PRJNA863566	OK	6	
PRJNA1148062	OK	6	
PRJEB29152	OK	47	
PRJNA865396	OK	6	
PRJNA906507	OK	32	
PRJNA1011357	OK	10	
PRJDB6503	OK	30	
PRJNA935053	OK	1	
PRJNA656389	OK	695	
PRJEB58265	OK	110	
PRJEB7774	OK	156	
PRJNA574033	OK	2	
PRJNA564888	OK	13	
PRJNA293646	OK	13	
PRJEB79635	OK	5	
PRJEB70928	OK	129	
PRJNA1046219	OK	8	
PRJEB55711	OK	44	
PRJNA915251	OK	683	
PRJEB5224	OK	260	
PRJEB102170	OK	71	
PRJNA590585	OK	12	
PRJNA728379	OK	14	
PRJNA738554	OK	24	
PRJNA1268041	OK	16	
PRJNA721002	OK	51	
PRJDB36556	OK	7	
PRJNA1060362	OK	1	
PRJDB15857	OK	80	
PRJEB72437	OK	8	
PRJNA1211300	OK	17	
PRJDB39230	OK	32	
PRJNA773596	OK	83	
PRJEB22710	OK	52	
PRJNA601052	OK	130	
PRJEB76409	OK	32	
PRJNA844176	OK	15	
PRJEB26961	OK	220	
PRJEB40990	OK	16	
PRJNA1135945	OK	157	
PRJNA996880	OK	419	
PRJDB15258	OK	4	
PRJEB14215	OK	73	
PRJEB12449	OK	110	
PRJEB51635	OK	148	
PRJNA877780	OK	15	
PRJNA613182	OK	90	
PRJNA1062568	OK	10	
PRJDB36905	OK	42	
PRJNA397112	OK	110	
PRJNA1027632	OK	197	
PRJNA1289129	OK	4	
PRJEB34270	OK	8	
PRJNA770101	OK	71	
PRJNA913183	OK	119	
PRJNA542998	OK	201	
PRJNA599288	OK	12	
PRJEB55713	OK	55	
PRJNA673878	OK	5	
PRJNA847183	OK	24	
PRJNA1217868	OK	24	
PRJNA798875	OK	2	
PRJEB67586	OK	167	
PRJEB101960	OK	107	
PRJEB58157	OK	277	
PRJNA974556	OK	52	
PRJNA883557	OK	20	
PRJNA1199800	OK	30	
PRJNA400072	OK	220	
PRJNA792486	OK	45	
PRJDB36557	OK	7	
PRJEB33338	OK	25	
PRJNA416199	OK	12	
PRJEB46788	OK	2750	
PRJNA312048	OK	6	
PRJNA627251	OK	16	
PRJDB7630	OK	40	
PRJNA663646	OK	20	
PRJEB81807	OK	8	
PRJEB74236	OK	118	
PRJNA757579	OK	162	
PRJEB108722	OK	80	
PRJNA340908	OK	29	
PRJNA660549	OK	12	
PRJEB21827	OK	12	
PRJNA690892	OK	13	
PRJNA601807	OK	10	
PRJEB75763	OK	3	
PRJNA997718	OK	13	
PRJNA925857	OK	226	
PRJEB86261	OK	1128	
PRJEB34992	OK	144	
PRJNA1225188	OK	63	
PRJNA961946	OK	29	
PRJDB4525	OK	36	
PRJNA1090271	OK	86	
PRJNA726842	OK	7	
PRJNA847753	OK	8	
PRJNA852373	OK	5	
PRJNA401977	OK	145	
PRJEB79352	OK	240	
PRJNA1228986	OK	34	
PRJEB21612	OK	117	
PRJNA1268758	OK	24	
PRJEB66719	OK	306	
PRJNA1214037	OK	144	
PRJNA431482	OK	76	
PRJNA1141889	OK	10	
PRJNA986525	OK	17	
PRJEB36943	OK	90	
PRJNA1023249	OK	3	
PRJNA1036376	OK	70	
PRJEB41786	OK	150	
PRJNA902000	OK	236	
PRJNA825132	OK	3	
PRJNA779106	OK	236	
PRJNA358755	OK	207	
PRJEB41323	OK	210	
PRJNA678871	OK	152	
PRJNA806371	OK	5	
PRJNA972320	OK	320	
PRJNA574851	OK	10	
PRJEB11755	OK	295	
PRJNA294605	OK	11	
PRJNA298736	OK	13	
PRJEB37572	OK	86	
PRJNA1293880	OK	29	
PRJDB36334	OK	114	
PRJNA699146	OK	48	
PRJNA855286	OK	30	
PRJNA1293833	OK	39	
PRJNA1298367	OK	104	
PRJEB39685	OK	132	
PRJEB102366	OK	72	
PRJNA1269114	OK	13	
PRJDB16790	OK	428	
PRJNA494824	OK	71	
PRJNA763692	OK	1859	
PRJNA624223	OK	73	
PRJNA598094	OK	40	
PRJNA919082	OK	64	
PRJDB7378	OK	50	
PRJNA1091038	OK	15	
PRJNA415307	OK	9	
PRJEB6070	OK	424	
PRJNA825732	OK	50	
PRJEB60740	OK	3365	
PRJDB20772	OK	8	
PRJNA855128	OK	26	
PRJNA374522	OK	8	
PRJNA1280790	OK	24	
PRJNA880353	OK	86	
PRJNA1030990	OK	28	
PRJNA1078999	OK	194	
PRJNA981100	OK	48	
PRJEB27928	OK	82	
PRJNA496479	OK	40	
PRJNA589661	OK	9	
PRJEB18627	OK	18	
PRJEB76898	OK	940	
PRJNA1171501	OK	22	
PRJEB82952	OK	72	
PRJNA628114	OK	42	
PRJNA658643	OK	9	
PRJNA646934	OK	14	
PRJNA255875	OK	16	
PRJNA788462	OK	216	
PRJNA656000	OK	6	
PRJEB30661	OK	2	
PRJNA847006	OK	60	
PRJNA801645	OK	12	
PRJEB32790	OK	280	
PRJEB40424	OK	323	
PRJDB36191	OK	20	
PRJNA741822	OK	123	
PRJNA1389899	OK	18	
PRJNA1273701	OK	36	
PRJEB101827	OK	120	
PRJNA899060	OK	57	
PRJNA825121	OK	3	
PRJNA506751	OK	1	
PRJNA1356556	OK	28	
PRJNA1006089	OK	169	
PRJNA794972	OK	1	
PRJNA613834	OK	76	
PRJNA1088536	OK	112	
PRJNA384716	OK	96	
PRJNA892774	OK	26	
PRJDB16312	OK	30	
PRJNA844935	OK	16	
PRJNA563204	OK	192	
PRJNA665253	OK	191	
PRJDB4176	OK	645	
PRJNA1332145	OK	112	
PRJNA788958	OK	135	
PRJEB42282	OK	128	
PRJEB57228	OK	44	
PRJNA937780	OK	22	
PRJDB33192	OK	51	
PRJNA373834	OK	22	
PRJEB47613	OK	47	
PRJNA942468	OK	517	
PRJNA1301039	OK	48	
PRJNA1073587	OK	6	
PRJEB33219	OK	53	
PRJNA1099794	OK	56	
PRJNA417359	OK	495	
PRJEB53667	OK	48	
PRJNA769425	OK	18	
PRJNA622417	OK	4	
PRJNA612780	OK	26	
PRJEB32644	OK	616	
PRJNA63661	OK	1569	
PRJNA1245445	OK	144	
PRJEB101774	OK	79	
PRJEB22175	OK	96	
PRJNA1123460	OK	24	
PRJNA1171181	OK	8	
PRJNA1116530	OK	15	
PRJDB37508	OK	470	
PRJNA1017798	OK	24	
PRJNA597688	OK	2	
PRJNA801914	OK	24	
PRJNA1428229	OK	18	
PRJEB62607	OK	25	
PRJNA835973	OK	19	
PRJDB17048	OK	71	
PRJDB15798	OK	60	
PRJNA1090561	OK	21	
PRJEB58787	OK	204	
PRJNA853153	OK	12	
PRJEB47609	OK	179	
PRJNA662107	OK	522	
PRJNA1028770	OK	16	
PRJNA990717	OK	12	
PRJNA672868	OK	5	
PRJEB47976	OK	175	
PRJNA327106	OK	45	
PRJNA1257558	OK	68	
PRJNA1282711	OK	45	
PRJEB50613	OK	62	
PRJNA987743	OK	104	
PRJNA1206810	OK	9	
PRJNA718322	OK	30	
PRJNA526405	OK	921	
PRJNA356809	OK	77	
PRJNA1222153	OK	493	
PRJNA723218	OK	144	
PRJNA874173	OK	9	
PRJNA1119043	OK	91	
PRJNA821230	OK	16	
PRJNA827933	OK	9	
PRJNA772288	OK	4	
PRJNA983744	OK	18	
PRJNA549182	OK	48	
PRJNA723631	OK	27	
PRJNA1083038	OK	55	
PRJNA902684	OK	110	
PRJNA1110045	OK	1	
PRJNA812273	OK	1	
PRJNA728091	OK	7	
PRJDB9649	OK	88	
PRJNA626062	OK	54	
PRJNA552411	OK	2	
PRJNA741607	OK	59	
PRJNA984595	OK	92	
PRJDB7767	OK	118	
PRJEB40824	OK	6	
PRJNA913689	OK	63	
PRJEB51353	OK	9819	
PRJDB17226	OK	10	
PRJEB52754	OK	68	
PRJEB24041	OK	212	
PRJEB15341	OK	6	
PRJNA1137132	OK	36	
PRJNA974094	OK	18	
PRJEB18805	OK	395	
PRJNA825520	OK	159	
PRJEB66439	OK	472	
PRJEB22765	OK	20	
PRJNA1187897	OK	119	
PRJDB38938	OK	18	
PRJNA844237	OK	40	
PRJNA321058	OK	53	
PRJNA1391520	OK	24	
PRJNA814825	OK	15	
PRJDB1461	OK	1	
PRJNA376580	OK	39	
PRJNA313232	OK	14	
PRJNA821641	OK	77	
PRJNA730677	OK	70	
PRJNA531273	OK	30	
PRJEB14935	OK	3	
PRJDB16698	OK	6	
PRJNA988937	OK	35	
PRJNA389280	OK	378	
PRJEB4336	OK	292	
PRJEB23010	OK	205	
PRJNA1049649	OK	6	
PRJNA1112422	OK	6	
PRJNA1247471	OK	44	
PRJNA657304	OK	21	
PRJNA1245063	OK	12	
PRJEB30834	OK	267	
PRJNA435487	OK	10	
PRJNA1175391	OK	12	
PRJNA593263	OK	30	
PRJNA1375668	OK	24	
PRJNA1193062	OK	323	
PRJNA1082665	OK	873	
PRJEB89830	OK	38	
PRJEB81106	OK	794	
PRJNA908260	OK	8	
PRJNA601162	OK	62	
PRJNA1242249	OK	24	
PRJNA1218713	OK	172	
PRJNA737271	OK	40	
PRJNA894152	OK	82	
PRJNA453374	OK	28	
PRJEB88329	OK	171	
PRJNA944612	OK	720	
PRJNA878467	OK	1	
PRJDB6620	OK	25	
PRJNA777737	OK	26	
PRJNA953833	OK	369	
PRJNA940065	OK	14	
PRJEB9357	OK	88	
PRJNA1173401	OK	6	
PRJNA1012496	OK	12	
PRJNA777422	OK	16	
PRJEB96078	OK	192	
PRJEB39500	OK	203	
PRJEB60080	OK	6	
PRJNA1187854	OK	20	
PRJNA385949	OK	262	
PRJEB38095	OK	513	
PRJNA290380	OK	785	
PRJNA1064611	OK	8	
PRJEB39110	OK	70	
PRJNA945347	OK	36	
PRJDB15956	OK	167	
PRJEB90470	OK	6	
PRJNA543206	OK	50	
PRJEB64334	OK	1292	
PRJNA1417531	OK	2	
PRJNA779845	OK	80	
PRJNA843963	OK	263	
PRJNA734860	OK	343	
PRJNA290729	OK	92	
PRJNA630144	OK	12	
PRJNA1069876	OK	16	
PRJNA311136	OK	1	
PRJNA723283	OK	65	
PRJNA983076	OK	67	
PRJNA741980	OK	28	
PRJNA562600	OK	148	
PRJNA748109	OK	5	
PRJEB103086	OK	25	
PRJNA796172	OK	48	
PRJEB81554	OK	476	
PRJNA1123238	OK	67	
PRJEB66438	OK	33	
PRJEB56324	OK	40	
PRJEB35362	OK	17	
PRJNA947914	OK	79	
PRJDB36846	OK	36	
PRJNA1062915	OK	12	
PRJDB5383	OK	3	
PRJNA932774	OK	24	
PRJDB2695	OK	1	
PRJNA821505	OK	156	
PRJNA436633	OK	40	
PRJEB51815	OK	179	
PRJEB47458	OK	496	
PRJNA1227608	OK	395	
PRJNA1224791	OK	97	
PRJNA811727	OK	96	
PRJNA783381	OK	32	
PRJNA1228539	OK	45	
PRJNA1110616	OK	24	
PRJDB17227	OK	52	
PRJNA553191	OK	62	
PRJNA361402	OK	2	
PRJNA599289	OK	40	
PRJEB55607	OK	100	
PRJNA909042	OK	21	
PRJNA1067975	OK	104	
PRJNA1065277	OK	68	
PRJEB74482	OK	862	
PRJNA999451	OK	9	
PRJNA1095217	OK	2	
PRJEB84467	OK	435	
PRJNA815745	OK	222	
PRJNA1078419	OK	367	
PRJEB73330	OK	14	
PRJNA1261602	OK	12	
PRJNA991623	OK	24	
PRJNA778431	OK	12	
PRJNA1063537	OK	6	
PRJNA983093	OK	194	
PRJNA1190643	OK	63	
PRJEB33500	OK	244	
PRJNA691798	OK	20	
PRJNA1208715	OK	60	
PRJEB25514	OK	59	
PRJNA828385	OK	36	
PRJEB29127	OK	171	
PRJEB37062	OK	87	
PRJEB46550	OK	344	
PRJNA809514	OK	36	
PRJNA1127265	OK	48	
PRJDB1800	OK	1	
PRJNA1136229	OK	24	
PRJNA691978	OK	61	
PRJEB86012	OK	113	
PRJNA1067849	OK	54	
PRJNA1353630	OK	47	
PRJDB11394	OK	4	
PRJDB14457	OK	98	
PRJNA722129	OK	93	
PRJEB38174	OK	340	
PRJEB104707	OK	41	
PRJNA940650	OK	13	
PRJNA637365	OK	118	
PRJNA778925	OK	27	
PRJEB12669	OK	19	
PRJEB68161	OK	294	
PRJEB10338	OK	8	
PRJEB66261	OK	62	
PRJEB6456	OK	400	
PRJDB13214	OK	208	
PRJDB38851	OK	12	
PRJDB39249	OK	8	
PRJNA486795	OK	44	
PRJEB74702	OK	24	
PRJDB19991	OK	40	
PRJDB38848	OK	12	
PRJNA685168	OK	114	
PRJNA1050657	OK	5	
PRJNA947193	OK	44	
PRJNA661076	OK	2	
PRJNA1061085	OK	9	
PRJNA793776	OK	130	
PRJNA528960	OK	133	
PRJNA482836	OK	29	
PRJNA1014131	OK	16	
PRJNA1161368	OK	60	
PRJNA1084102	OK	70	
PRJEB57911	OK	58	
PRJEB81356	OK	27	
PRJNA635116	OK	51	
PRJNA1029302	OK	39	
PRJEB49262	OK	62	
PRJDB37496	OK	50	
PRJNA489090	OK	429	
PRJNA1023964	OK	42	
PRJNA1061804	OK	41	
PRJEB32834	OK	74	
PRJNA352475	OK	230	
PRJNA755866	OK	10	
PRJNA715601	OK	662	
PRJNA650228	OK	18	
PRJNA849401	OK	8	
PRJEB103317	OK	71	
PRJDB17221	OK	106	
PRJEB64278	OK	95	
PRJNA407583	OK	14	
PRJNA529943	OK	9	
PRJEB28161	OK	15	
PRJNA616396	OK	15	
PRJDB18316	OK	166	
PRJNA1011201	OK	6	
PRJEB65885	OK	22	
PRJEB34982	OK	17	
PRJNA734100	OK	23	
PRJDB37067	OK	12	
PRJEB55534	OK	173	
PRJNA645191	OK	90	
PRJNA823519	OK	16	
PRJNA1119029	OK	171	
PRJDB6640	OK	3	
PRJEB22062	OK	363	
PRJEB86260	OK	1418	
PRJNA491522	OK	44	
PRJEB32890	OK	105	
PRJNA688310	OK	5	
PRJNA278393	OK	38	
PRJDB16036	OK	13	
PRJEB56669	OK	78	
PRJNA1121382	OK	30	
PRJNA821272	OK	30	
PRJEB88878	OK	83	
PRJEB81717	OK	27	
PRJDB9922	OK	48	
PRJEB26564	OK	2979	
PRJEB73981	OK	60	
PRJNA943611	OK	1	
PRJNA982563	OK	232	
PRJNA656141	OK	1	
PRJNA1400761	OK	28	
PRJNA1415237	OK	25	
PRJNA903810	OK	367	
PRJEB15371	OK	122	
PRJNA841806	OK	361	
PRJEB33577	OK	36	
PRJEB21624	OK	43	
PRJEB41787	OK	107	
PRJNA786358	OK	2	
PRJEB72433	OK	295	
PRJNA769968	OK	222	
PRJNA1390420	OK	15	
PRJEB46212	OK	48	
PRJEB31266	OK	242	
PRJNA271618	OK	48	
PRJNA1192041	OK	15	
PRJNA1332038	OK	1	
PRJEB15296	OK	3	
PRJNA946412	OK	20	
PRJNA1393111	OK	25	
PRJNA434147	OK	5	
PRJNA488302	OK	130	
PRJNA471402	OK	39	
PRJEB4370	OK	433	
PRJNA688069	OK	33	
PRJNA1070846	OK	41	
PRJEB1220	OK	396	
PRJEB83251	OK	26	
PRJEB23147	OK	5249	
PRJNA527177	OK	5	
PRJDB20360	OK	490	
PRJNA807368	OK	12	
PRJNA1227156	OK	26	
PRJEB66211	OK	28	
PRJEB2778	OK	12	
PRJNA1184454	OK	44	
PRJEB89232	OK	28	
PRJNA872265	OK	119	
PRJEB26585	OK	48	
PRJEB15095	OK	24	
PRJNA400119	OK	8	
PRJEB102289	OK	72	
PRJEB55812	OK	15	
PRJNA1008639	OK	6	
PRJEB77276	OK	481	
PRJNA1002411	OK	140	
PRJDB18854	OK	112	
PRJNA293625	OK	4	
PRJNA1069780	OK	40	
PRJEB59350	OK	134	
PRJNA845803	OK	12	
PRJDB35189	OK	88	
PRJEB90218	OK	327	
PRJNA1232341	OK	32	
PRJEB86259	OK	100	
PRJNA1119053	OK	69	
PRJEB106128	OK	1400	
PRJNA1060484	OK	1	
PRJNA640717	OK	10	
PRJNA473126	OK	402	
PRJNA692830	OK	24	
PRJEB9403	OK	2281	
PRJNA598414	OK	24	
PRJNA1036300	OK	18	
PRJNA656314	OK	15	
PRJNA494387	OK	3	
PRJEB58106	OK	115	
PRJNA1164203	OK	161	
PRJNA772888	OK	18	
PRJEB6997	OK	530	
PRJDB6165	OK	8	
PRJEB58777	OK	396	
PRJNA631724	OK	53	
PRJNA376566	OK	408	
PRJNA786887	OK	40	
PRJNA813004	OK	10	
PRJNA1055599	OK	24	
PRJEB39955	OK	159	
PRJNA946383	OK	80	
PRJNA339914	OK	28	
PRJEB77081	OK	283	
PRJNA1215014	OK	24	
PRJNA974554	OK	72	
PRJNA1039141	OK	120	
PRJEB105017	OK	2	
PRJEB1690	OK	36	
PRJNA1454930	OK	10	
PRJNA704780	OK	8	
PRJNA1147314	OK	838	
PRJNA736861	OK	33	
PRJEB26512	OK	470	
PRJEB83610	OK	34	
PRJNA255936	OK	15	
PRJNA630862	OK	20	
PRJNA643301	OK	63	
PRJNA1254096	OK	14	
PRJEB59119	OK	42	
PRJNA787952	OK	155	
PRJEB26596	OK	1	
PRJEB97391	OK	344	
PRJNA1055184	OK	133	
PRJNA1050241	OK	60	
PRJDB36916	OK	132	
PRJNA590977	OK	5	
PRJNA1205011	OK	9	
PRJNA760651	OK	10	
PRJNA991276	OK	8	
PRJNA948893	OK	6	
PRJNA1092431	OK	53	
PRJNA1063657	OK	52	
PRJDB14208	OK	55	
PRJEB55462	OK	294	
PRJNA694380	OK	2	
PRJNA908720	OK	1	
PRJNA347599	OK	12	
PRJNA447857	OK	14	
PRJEB50568	OK	119	
PRJEB37731	OK	3342	
PRJEB46806	OK	51	
PRJNA1298833	OK	4	
PRJDB10829	OK	112	
PRJNA559605	OK	21	
PRJDB2552	OK	1	
PRJNA1116578	OK	96	
PRJEB81553	OK	288	
PRJNA1026631	OK	83	
PRJNA290684	OK	39	
PRJEB20308	OK	129	
PRJDB18359	OK	45	
PRJEB38343	OK	48	
PRJNA1148165	OK	46	
PRJDB36826	OK	72	
PRJNA1264679	OK	16	
PRJNA874500	OK	4	
PRJNA1049198	OK	90	
PRJNA544874	OK	129	
PRJDB34615	OK	82	
PRJNA356225	OK	150	
PRJDB13194	OK	4	
PRJNA862908	OK	151	
PRJNA433811	OK	4	
PRJDB38615	OK	140	
PRJEB7759	OK	184	
PRJNA888429	OK	23	
PRJNA906124	OK	33	
PRJNA831632	OK	145	
PRJNA1226362	OK	30	
PRJEB11519	OK	29	
PRJNA1102860	OK	2778	
PRJNA422434	OK	370	
PRJNA848403	OK	8	
PRJNA1193782	OK	57	
PRJNA1320939	OK	111	
PRJEB14847	OK	323	
PRJNA761967	OK	84	
PRJNA383926	OK	6	
PRJNA371649	OK	1	
PRJNA354235	OK	1307	
PRJNA666163	OK	40	
PRJNA804100	OK	53	
PRJEB32631	OK	2387	
PRJNA861020	OK	36	
PRJEB41102	OK	286	
PRJNA515074	OK	24	
PRJNA902117	OK	33	
PRJNA812583	OK	12	
PRJEB1786	OK	145	
PRJNA1092107	OK	10	
PRJNA1072233	OK	18	
PRJNA1000214	OK	16	
PRJDB36502	OK	16	
PRJNA673918	OK	71	
PRJNA1070856	OK	35	
PRJNA750156	OK	46	
PRJNA757176	OK	12	
PRJNA756556	OK	38	
PRJNA1030894	OK	100	
PRJEB63613	OK	35	
PRJEB24006	OK	25	
PRJNA721235	OK	4	
PRJDB38518	OK	22	
PRJNA532626	OK	25	
PRJEB22491	OK	323	
PRJNA397041	OK	18	
PRJNA575543	OK	18	
PRJNA1307965	OK	14	
PRJNA1163371	OK	174	
PRJNA1205074	OK	36	
PRJDB18384	OK	11	
PRJNA848116	OK	82	
PRJNA694773	OK	10	
PRJNA741606	OK	43	
PRJNA1377454	OK	24	
PRJDB36775	OK	118	
PRJEB42464	OK	59	
PRJNA951204	OK	1	
PRJNA744219	OK	16	
PRJEB29373	OK	134	
PRJNA338370	OK	10	
PRJNA1206727	OK	8	
PRJNA1010706	OK	419	
PRJNA769748	OK	70	
PRJNA714611	OK	1	
PRJNA722684	OK	59	
PRJNA1039992	OK	120	
PRJNA291299	OK	4	
PRJNA849257	OK	24	
PRJNA782533	OK	79	
PRJNA493817	OK	2	
PRJNA818062	OK	45	
PRJNA492361	OK	1	
PRJEB86258	OK	2723	
PRJDB14449	OK	3	
PRJNA1269239	OK	33	
PRJNA1260157	OK	6	
PRJNA898082	OK	51	
PRJNA1138893	OK	46	
PRJNA1232403	OK	98	
PRJEB51122	OK	161	
PRJNA1158959	OK	89	
PRJEB31650	OK	567	
PRJNA397886	OK	52	
PRJNA1219188	OK	185	
PRJDB32644	OK	18	
PRJNA273761	OK	60	
PRJNA945365	OK	15	
PRJNA1204506	OK	5	
PRJDB38794	OK	8	
PRJEB28237	OK	191	
PRJEB86255	OK	720	
PRJEB66224	OK	20	
PRJNA389749	OK	8	
PRJNA524980	OK	9	
PRJDB31830	OK	79	
PRJNA301903	OK	422	
PRJNA991262	OK	11	
PRJDB38277	OK	51	
PRJEB71372	OK	123	
PRJEB27498	OK	6	
PRJNA861716	OK	359	
PRJEB62783	OK	30	
PRJEB4391	OK	36	
PRJEB86262	OK	432	
PRJEB31009	OK	24	
PRJEB22973	OK	245	
PRJEB13870	OK	196	
PRJEB10878	OK	128	
PRJNA825133	OK	6	
PRJNA1141435	OK	62	
PRJEB81804	OK	573	
PRJNA667194	OK	1	
PRJNA375762	OK	12	
PRJNA738684	OK	52	
PRJNA1025260	OK	35	
PRJEB23561	OK	82	
PRJNA312222	OK	4	
PRJNA1302757	OK	9	
PRJNA1253095	OK	10	
PRJNA894343	OK	60	
PRJEB14312	OK	5	
PRJNA717669	OK	12	
PRJEB73511	OK	47	
PRJNA475948	OK	2	
PRJNA609596	OK	74	
PRJNA1010388	OK	109	
PRJNA744378	OK	30	
PRJNA1066198	OK	49	
PRJNA671703	OK	229	
PRJNA1184324	OK	20	
PRJNA541820	OK	8	
PRJNA479518	OK	80	
PRJNA1067415	OK	3	
PRJNA1086397	OK	184	
PRJNA932553	OK	48	
PRJDB20286	OK	14	
PRJNA953147	OK	20	
PRJEB81709	OK	173	
PRJNA753312	OK	24	
PRJEB88012	OK	24	
PRJNA1234694	OK	9	
PRJEB52043	OK	97	
PRJNA1006316	OK	350	
PRJNA1161616	OK	1	
PRJNA924548	OK	15	
PRJNA944265	OK	11	
PRJNA1297587	OK	16	
PRJNA297579	OK	31	
PRJNA509211	OK	28	
PRJNA271123	OK	1	
PRJNA750644	OK	6	
PRJNA641765	OK	1	
PRJEB48382	OK	120	
PRJNA966790	OK	105	
PRJEB59225	OK	6	
PRJNA730805	OK	30	
PRJNA738608	OK	107	
PRJNA758898	OK	16	
PRJNA1098026	OK	21	
PRJNA751718	OK	2	
PRJNA1067380	OK	3	
PRJNA843079	OK	51	
PRJNA389470	OK	113	
PRJNA1119051	OK	55	
PRJEB57214	OK	145	
PRJNA1052069	OK	134	
PRJEB40767	OK	157	
PRJEB21599	OK	1	
PRJNA1026073	OK	1	
PRJNA865544	OK	1	
PRJNA255439	OK	32	
PRJNA645015	OK	125	
PRJDB20287	OK	1	
PRJNA1040965	OK	20	
PRJNA712972	OK	6	
PRJDB20379	OK	63	
PRJNA1061805	OK	3	
PRJEB37383	OK	12	
PRJEB52269	OK	64	
PRJNA881985	OK	119	
PRJNA995784	OK	52	
PRJNA913821	OK	9	
PRJNA915351	OK	16	
PRJNA977416	OK	21	
PRJNA1243555	OK	20	
PRJNA655594	OK	10	
PRJNA1157353	OK	200	
PRJNA1145617	OK	104	
PRJNA1211045	OK	15	
PRJNA1210771	OK	22	
PRJNA1084222	OK	20	
PRJNA1148150	OK	34	
PRJEB89425	OK	32	
PRJNA399458	OK	1	
PRJNA1229795	OK	62	
PRJNA1244851	OK	36	
PRJNA1209849	OK	1	
PRJNA949809	OK	1	
PRJNA1225421	OK	210	
PRJNA1233886	OK	4	
PRJNA1182340	OK	134	
PRJNA1186832	OK	112	
PRJNA1238482	OK	9	
PRJNA1202651	OK	72	
PRJEB60852	OK	1	
PRJNA1134918	OK	12	
PRJNA594263	OK	18	
PRJNA681546	OK	10	
PRJNA723444	OK	17	
PRJNA1026909	OK	4	
PRJNA1146968	OK	13	
PRJNA1214001	OK	17	
PRJNA1140353	OK	16	
PRJNA1187318	OK	40	
PRJEB79769	OK	96	
PRJNA816829	OK	9	
PRJNA1044797	OK	39	
PRJNA1033630	UMBRELLA	0	PRJNA1006316;PRJNA1124990;PRJNA999720
PRJNA1124990	OK	60	
PRJNA999720	OK	120	
PRJNA1130047	OK	8	
PRJEB43192	UMBRELLA	0	PRJEB39110;PRJEB41323;PRJEB41657;PRJEB43098;PRJEB45273;PRJEB45274;PRJEB46550;PRJEB47609;PRJEB47613;PRJEB51815;PRJEB52095;PRJEB52139
PRJNA1108898	OK	1	
PRJNA1108923	OK	13	
PRJNA1180206	OK	30	
PRJNA1102166	OK	1	
PRJNA1165944	OK	8	
PRJNA560329	OK	589	
PRJNA732531	OK	48	
PRJEB73709	OK	1	
PRJNA1151203	OK	30	
PRJNA1123873	OK	15	
PRJNA1031700	OK	32	
PRJNA1135459	OK	18	
PRJNA952227	OK	28	
PRJNA1108955	OK	21	
PRJNA1144187	OK	48	
PRJNA1302101	OK	2	
PRJNA1477333	OK	48	
PRJNA1442370	OK	75	
PRJEB107655	OK	64	
PRJEB50625	OK	30	
PRJEB82776	OK	279	
PRJNA1056763	OK	327	
PRJNA1212753	OK	60	
PRJNA1367213	OK	109	
PRJNA795985	OK	290	
PRJNA988023	OK	90	
PRJNA1475489	OK	39	
PRJNA1320715	OK	66	
PRJNA1097789	OK	4	
PRJEB106514	OK	23	
PRJNA1399069	OK	30	
PRJEB88111	OK	108	
PRJNA1376267	OK	8	
PRJNA1434035	OK	6	
PRJNA1157396	OK	24	
PRJNA1263030	OK	18	
PRJNA1154995	OK	34	
PRJEB29232	OK	131	
PRJNA1399070	OK	13	
PRJNA1054518	OK	3124	
PRJNA890321	OK	28	
PRJNA1175865	OK	128	
PRJNA792023	OK	29	
PRJEB89408	OK	117	
PRJNA1167890	OK	36	
PRJNA340521	OK	1	
PRJNA752224	OK	20	
PRJNA543906	OK	27	
PRJNA1298916	OK	27	
PRJNA1088789	OK	12	
PRJNA1306187	OK	94	
PRJNA1206451	OK	3	
PRJNA1264687	OK	10	
PRJEB47909	OK	115	
PRJNA1092791	OK	41	
PRJNA956273	OK	12	
PRJNA884830	OK	1	
PRJNA1054761	OK	30	
PRJNA843354	OK	32	
PRJNA805352	OK	1	
PRJNA924947	OK	12	
PRJNA1043846	OK	9	
PRJNA947933	OK	44	
PRJNA1067830	OK	312	
PRJNA876316	OK	1	
PRJNA685398	OK	40	
PRJNA1049576	OK	28	
PRJNA1031251	OK	34	
PRJNA491335	OK	208	
PRJNA692042	OK	216	
PRJNA1009258	OK	61	
PRJNA1003305	OK	6	
PRJNA987703	OK	1	
PRJNA809764	OK	132	
PRJNA886985	OK	167	
PRJNA875084	OK	3	
PRJNA935534	OK	60	
PRJNA942254	OK	33	
PRJNA906625	OK	1	
PRJNA641245	OK	24	
PRJNA956982	OK	19	
PRJNA861719	OK	30	
PRJNA938989	OK	41	
PRJNA902833	OK	32	
PRJNA916642	OK	12	
PRJNA784741	OK	28	
PRJNA635664	OK	1	
PRJEB29346	OK	57	
PRJEB59886	OK	76	
PRJNA822929	OK	10	
PRJEB40866	OK	5	
PRJNA876956	OK	12	
PRJNA734720	OK	79	
PRJNA862309	OK	12	
PRJNA681986	OK	70	
PRJNA811648	OK	16	
PRJNA669162	OK	47	
PRJNA734104	OK	8	
PRJNA799796	OK	40	
PRJNA801062	OK	10	
PRJNA801070	OK	14	
PRJNA739153	OK	20	
PRJNA731974	OK	12	
PRJNA494875	OK	67	
PRJNA787384	OK	24	
PRJNA718160	OK	28	
PRJNA699677	OK	29	
PRJNA408020	OK	130	
PRJNA473429	OK	48	
PRJNA671745	OK	44	
PRJNA729899	OK	31	
PRJEB44507	OK	4	
PRJNA728669	OK	1	
PRJNA722063	OK	6	
PRJEB41222	OK	60	
PRJNA706869	OK	18	
PRJEB41306	OK	75	
PRJNA559386	OK	2	
PRJNA699440	OK	1	
PRJNA663847	OK	12	
PRJNA605640	OK	12	
PRJNA647157	OK	11	
PRJNA667247	OK	36	
PRJEB23642	OK	12	
PRJNA316560	OK	2	
PRJNA316570	OK	2	
PRJNA624740	OK	5	
PRJEB38000	OK	94	
PRJEB32496	OK	77	
PRJEB31051	OK	113	
PRJNA478457	OK	49	
PRJEB31742	OK	4	
PRJNA542645	OK	1	
PRJNA555120	OK	12	
PRJNA518164	OK	4	
PRJNA193472	OK	3	
PRJEB21490	OK	10	
PRJNA430956	OK	8	
PRJNA419985	OK	16	
PRJNA381379	OK	3	
PRJNA415003	OK	50	
PRJNA269993	OK	1	
PRJNA158313	OK	2	
