study_accession	gut_verdict	clade	host	n_runs	n_gut_samples	n_notgut_samples	n_ambiguous_samples	biome_labels	body_sites	is_multihost_survey	paper_title	abstract	pmid	gut_verdict_final
PRJEB17686	KEEP	Lizards	Aloeides pallida; Aloeides thyra; Anthene sp.;Anthene; Chilades pandava;Luthrodes pandava; Chrysoritis chrysantas; Chrysoritis thysbe; Crudaria wykehami; Durbania amakosa; Eooxylides tharis; Eumaeus sp.;Eumaeus; Feniseca tarquinius; Flos sp.;Flos; Jalmenus daemeli; Jalmenus evagoras; Lachnocnema bibulus; Logania marmorata; Luthrodes pandava; Lycaena; Lycaenidae sp.;Papilionoidea;Lycaenidae; Maculinea alcon alcon;Phengaris alcon;Phengaris alcon alcon; Miletus biggsii; Rapala iarbus; Spalgis epius; Strymon melinus; Surendra vivarna; Thestor yildizae; Trimenia argyroplaga	176	176	0	0	insect gut metagenome		False	Microbial communities of lycaenid butterflies do not correlate with host diet			KEEP
PRJEB25617	KEEP	Turtles and tortoises	Canis lupus familiaris; Cebus; Eunectes; Felis catus; Folivora; Gallus gallus; Homo sapiens; Platyrrhini; Psittacidae; Testudines	4176	550	1638	1988	gut metagenome; human gut metagenome; human nasopharyngeal metagenome; human oral metagenome; human skin metagenome; indoor metagenome; metagenome; oral metagenome; oral-nasopharyngeal metagenome; skin metagenome	UBERON:anus; UBERON:areola; UBERON:arm skin; UBERON:feces; UBERON:foot skin; UBERON:nostril; UBERON:skin; UBERON:skin of arm; UBERON:skin of foot; UBERON:skin of hand; UBERON:skin of head; UBERON:tongue	False	Home chemical and microbial transitions across urbanization			KEEP
PRJEB11419	KEEP	Turtles and tortoises	Canis lupus familiaris; Felis catus; Homo sapiens; Not applicable; Testudines; metagenome	44388	35240	4925	4223	feces metagenome; food metagenome; gut metagenome; human blood metagenome; human eye metagenome; human gut metagenome; human metagenome; human nasopharyngeal metagenome; human oral metagenome; human skin metagenome; human vaginal metagenome; metagenome	Not applicable; UBERON:feces; UBERON:tongue; uberon:feces	False	American Gut Project	"1. Nature. 2022 Jul;607(7917):111-118. doi: 10.1038/s41586-022-04862-3. Epub 2022
 Jun 22.

Biosynthetic potential of the global ocean microbiome.

Paoli L(1), Ruscheweyh HJ(#)(1), Forneris CC(#)(2), Hubrich F(#)(2), Kautsar 
S(3), Bhushan A(2), Lotti A(2), Clayssen Q(1), Salazar G(1), Milanese A(1), 
Carlström CI(1), Papadopoulou C(1), Gehrig D(1), Karasikov M(4)(5)(6), Mustafa 
H(4)(5)(6), Larralde M(7), Carroll LM(7), Sánchez P(8), Zayed AA(9), Cronin 
DR(9), Acinas SG(8), Bork P(7)(10)(11), Bowler C(12)(13), Delmont TO(13)(14), 
Gasol JM(8), Gossert AD(15), Kahles A(4)(5)(6), Sullivan MB(8)(16), Wincker 
P(13)(14), Zeller G(7), Robinson SL(17)(18), Piel J(19), Sunagawa S(20).

Author information:
(1)Department of Biology, Institute of Microbiology and Swiss Institute of 
Bioinformatics, ETH Zurich, Zurich, Switzerland.
(2)Department of Biology, Institute of Microbiology, ETH Zurich, Zurich, 
Switzerland.
(3)Bioinformatics Group, Wageningen University, Wageningen, The Netherlands.
(4)Department of Computer Science, ETH Zurich, Zurich, Switzerland.
(5)Biomedical Informatics Research, University Hospital Zurich, Zurich, 
Switzerland.
(6)Swiss Institute of Bioinformatics, Lausanne, Switzerland.
(7)Structural and Computational Biology Unit, European Molecular Biology 
Laboratory, Heidelberg, Germany.
(8)Department of Marine Biology and Oceanography, Institute of Marine Sciences 
ICM-CSIC, Barcelona, Spain.
(9)Center of Microbiome Science, EMERGE Biology Integration Institute, 
Department of Microbiology, The Ohio State University, Columbus, OH, USA.
(10)Max Delbrück Centre for Molecular Medicine, Berlin, Germany.
(11)Department of Bioinformatics, Biocenter, University of Würzburg, Würzburg, 
Germany.
(12)Institut de Biologie de l'ENS (IBENS), Département de biologie, École 
normale supérieure, CNRS, INSERM, Université PSL, Paris, France.
(13)Research Federation for the Study of Global Ocean Systems Ecology and 
Evolution, FR2022/Tara Oceans GOSEE, Paris, France.
(14)Metabolic Genomics, Genoscope, Institut de Biologie François Jacob, CEA, 
CNRS, Univ Evry, Université Paris Saclay, Evry, France.
(15)Department of Biology, Biomolecular NMR Spectroscopy Platform, ETH Zurich, 
Zurich, Switzerland.
(16)Department of Civil, Environmental and Geodetic Engineering, The Ohio State 
University, Columbus, OH, USA.
(17)Department of Biology, Institute of Microbiology, ETH Zurich, Zurich, 
Switzerland. Serina.Robinson@eawag.ch.
(18)Department of Environmental Microbiology, Swiss Federal Institute of Aquatic 
Science and Technology (Eawag), Dübendorf, Switzerland. 
Serina.Robinson@eawag.ch.
(19)Department of Biology, Institute of Microbiology, ETH Zurich, Zurich, 
Switzerland. jpiel@ethz.ch.
(20)Department of Biology, Institute of Microbiology and Swiss Institute of 
Bioinformatics, ETH Zurich, Zurich, Switzerland. ssunagawa@ethz.ch.
(#)Contributed equally

Comment in
    Nat Rev Genet. 2022 Sep;23(9):523. doi: 10.1038/s41576-022-00520-6.

Natural microbial communities are phylogenetically and metabolically diverse. In 
addition to underexplored organismal groups1, this diversity encompasses a rich 
discovery potential for ecologically and biotechnologically relevant enzymes and 
biochemical compounds2,3. However, studying this diversity to identify genomic 
pathways for the synthesis of such compounds4 and assigning them to their 
respective hosts remains challenging. The biosynthetic potential of 
microorganisms in the open ocean remains largely uncharted owing to limitations 
in the analysis of genome-resolved data at the global scale. Here we 
investigated the diversity and novelty of biosynthetic gene clusters in the 
ocean by integrating around 10,000 microbial genomes from cultivated and single 
cells with more than 25,000 newly reconstructed draft genomes from more than 
1,000 seawater samples. These efforts revealed approximately 40,000 putative 
mostly new biosynthetic gene clusters, several of which were found in previously 
unsuspected phylogenetic groups. Among these groups, we identified a lineage 
rich in biosynthetic gene clusters ('Candidatus Eudoremicrobiaceae') that 
belongs to an uncultivated bacterial phylum and includes some of the most 
biosynthetically diverse microorganisms in this environment. From these, we 
characterized the phospeptin and pythonamide pathways, revealing cases of 
unusual bioactive compound structure and enzymology, respectively. Together, 
this research demonstrates how microbiomics-driven strategies can enable the 
investigation of previously undescribed enzymes and natural products in 
underexplored microbial groups and environments.

© 2022. The Author(s).

DOI: 10.1038/s41586-022-04862-3
PMCID: PMC9259500
PMID: 35732736 [Indexed for MEDLINE]

Conflict of interest statement: The authors declare no competing interests."	35732736	KEEP
PRJNA931656	DROP	Amphibians (all)	Amphibia	352	0	352	0	skin metagenome		False				DROP
PRJNA889361	KEEP	Amphibians (all)	Amphibia	194	97	97	0	gut metagenome; skin metagenome		False	Urbanization increases stochasticity and reduces the ecological stability of microbial communities in amphibian hosts			KEEP
PRJNA999620	NEEDS_ABSTRACT	Frogs and toads	Anura; Scinax	259	0	0	259	amphibian metagenome		False	bacterial 16S sequences from amphibian skin microbiome samples Metagenome			DROP
PRJNA835803	KEEP	Ray-finned fish (broad)	Actinopterygii	1	1	0	0	fish gut metagenome		False	Fish gut microbiota from Gyaros Island, Greece			KEEP
PRJNA1156918	NEEDS_ABSTRACT	Ray-finned fish (broad)	Actinopterygii	1	0	0	1	fish metagenome		False	Pac bio metabarcoding for monitoring genetic diversity in fish populations			MANUAL_REVIEW
PRJNA746569	NEEDS_ABSTRACT	Molluscs (broad)	Annelida; Arthropoda; Bryozoa; Chaetognatha; Chordata; Cnidaria; Ctenophora; Echinodermata; Gastrotricha; Gnathostomulida; Hemichordata; Kinorhyncha; Mollusca; Nematoda; Nemertea; Platyhelminthes; Priapulida; Rotifera; Sipuncula; Tardigrada; Xenacoelomorpha	1400	0	194	1206	invertebrate metagenome; macroalgae metagenome; seawater metagenome; sediment metagenome		False	Microscopic Marine Invertebrate Microbiomes			DROP
PRJNA244498	NEEDS_ABSTRACT	Gastropods (beyond current)		324	0	0	324	Caenorhabditis elegans; Crenosoma vulpis; Heligmonoides; Mastophorus; Mastophorus muris; Nematoda; Nippostrongylus; Parascaris equorum; Strongyloidea; Syphacia; Toxocara cati; Trichinella nativa; Trichinella pseudospiralis; Trichuris		False	Intestinal nematodes identification			KEEP
PRJNA312520	KEEP	Gastropods (beyond current)	Adesmia pinifolia; Apocrita; Araneae; Asteraceae; Boraginaceae; Cerastium arvense; Coleoptera; Erodium cicutarium; Erythranthe depressa; Formicidae; Gastropoda; Lepidoptera; Liolaemus parvus; Liolaemus ruibali; Oenothera affinis; Phymaturus williamsi; Senecio; Veronica anagallis	218	186	6	26	food metagenome; gut metagenome; phyllosphere metagenome; soil metagenome		False	Lizard gut microbiota Targeted loci environmental			KEEP
PRJNA365078	NEEDS_ABSTRACT	Annelids	Annelida	1	0	1	0	annelid metagenome		False	Marine gutless worms symbiont microbial communities from Oahu, Hawaii - Inanidrilus sp. 2 OAHU.JWI-42 metaG metagenome			DROP
PRJNA365079	NEEDS_ABSTRACT	Annelids	Annelida	1	0	1	0	annelid metagenome		False	Marine gutless worms symbiont microbial communities from Oahu, Hawaii - Inanidrilus sp. 2 OAHU.JWI-54 metaG metagenome			DROP
PRJNA365080	NEEDS_ABSTRACT	Annelids	Annelida	1	0	1	0	annelid metagenome		False	Marine gutless worms symbiont microbial communities from Oahu, Hawaii - Inanidrilus sp. 2 OAHU.JWI-49 metaG metagenome			DROP
PRJNA1248212	NEEDS_ABSTRACT	Nematodes	Nematoda	16	0	5	11	soil metagenome		False	The effect of flavonoids on soil nematode communities			DROP
PRJNA1252374	KEEP	Nematodes	Nematoda	2	2	0	0	Cruznema sp. NTM-2021		False	16S- amplicon based gut microbial metagenomics of Cruznema sp. NTM 2021 (phylum Rhabdita)			KEEP
PRJEB36857	KEEP	Cetaceans	Homo sapiens; Homo sapiens;Acanthocephala; Homo sapiens;Acomys; Homo sapiens;Acomys cahirinus; Homo sapiens;Adenoviridae; Homo sapiens;Aepyceros; Homo sapiens;Aepyceros melampus; Homo sapiens;African swine fever virus; Homo sapiens;African swine fever virus BA71V; Homo sapiens;African swine fever virus LIS57; Homo sapiens;African swine fever virus Malawi LIL 20/1; Homo sapiens;Agrotis segetum granulovirus; Homo sapiens;Ailuropoda; Homo sapiens;Ailuropoda melanoleuca; Homo sapiens;Ailurus; Homo sapiens;Ailurus fulgens; Homo sapiens;Akodon; Homo sapiens;Akodon aerosus; Homo sapiens;Akodon boliviensis; Homo sapiens;Akodon juninensis; Homo sapiens;Akodon kofordi; Homo sapiens;Akodon lutescens puer; Homo sapiens;Akodon mimus; Homo sapiens;Akodon mollis; Homo sapiens;Akodon subfuscus; Homo sapiens;Akodon torques; Homo sapiens;Alces; Homo sapiens;Alces alces; Homo sapiens;Alces alces alces; Homo sapiens;Alphafusellovirus; Homo sapiens;Alphaherpesvirinae; Homo sapiens;Alphapapillomavirus 12; Homo sapiens;Ammotragus; Homo sapiens;Ammotragus lervia; Homo sapiens;Antilocapra; Homo sapiens;Antilocapra americana; Homo sapiens;Antilocapridae; Homo sapiens;Antilopinae; Homo sapiens;Archiacanthocephala; Homo sapiens;Arvicola; Homo sapiens;Ateline gammaherpesvirus 2; Homo sapiens;Aviadenovirus; Homo sapiens;Avihepadnavirus; Homo sapiens;Avipoxvirus; Homo sapiens;Axis; Homo sapiens;Baculoviridae; Homo sapiens;Balaenoptera; Homo sapiens;Balaenoptera acutorostrata; Homo sapiens;Balaenoptera borealis; Homo sapiens;Balaenoptera edeni; Homo sapiens;Balaenoptera musculus; Homo sapiens;Balaenoptera physalus; Homo sapiens;Balaenopteridae; Homo sapiens;Bathyergidae; Homo sapiens;Bathyergus; Homo sapiens;Bathyergus janetta; Homo sapiens;Bathyergus suillus; Homo sapiens;Beroe; Homo sapiens;Beroe mitrata; Homo sapiens;Beroe ovata; Homo sapiens;Betaentomopoxvirus; Homo sapiens;Betaherpesvirinae; Homo sapiens;Bison; Homo sapiens;Bison bison; Homo sapiens;Bison bonasus; Homo sapiens;Bos; Homo sapiens;Bos gaurus; Homo sapiens;Bos indicus; Homo sapiens;Bos javanicus; Homo sapiens;Bos primigenius; Homo sapiens;Bos taurus; Homo sapiens;Bos taurus papillomavirus 4; Homo sapiens;Bos taurus papillomavirus 6; Homo sapiens;Boselaphus; Homo sapiens;Boselaphus tragocamelus; Homo sapiens;Bovidae; Homo sapiens;Bovine adenovirus 1; Homo sapiens;Bovine adenovirus 3; Homo sapiens;Bovine adenovirus 7; Homo sapiens;Bovine alphaherpesvirus 2; Homo sapiens;Bovine gammaherpesvirus 4; Homo sapiens;Bovine herpesvirus 4 (isolate DN-599); Homo sapiens;Bovine herpesvirus type 1 strain 6660; Homo sapiens;Bovine herpesvirus type 1.1 (strain Cooper); Homo sapiens;Bovine herpesvirus type 1.1 (strain P8-2); Homo sapiens;Bovine herpesvirus type 1.2 strain Q3932; Homo sapiens;Bovine herpesvirus type 2 (strain BHM-1); Homo sapiens;Bovine herpesvirus type 2 (strain BMV); Homo sapiens;Bovine papillomavirus; Homo sapiens;Brachionidae; Homo sapiens;Brachionus; Homo sapiens;Brachionus plicatilis; Homo sapiens;Bryozoa; Homo sapiens;Bubalus; Homo sapiens;Bugula; Homo sapiens;Bugula neritina; Homo sapiens;Bugulidae; Homo sapiens;Calomyscus sp.; Homo sapiens;Camelidae; Homo sapiens;Camelus; Homo sapiens;Camelus bactrianus; Homo sapiens;Camelus dromedarius; Homo sapiens;Canidae; Homo sapiens;Canine adenovirus 1; Homo sapiens;Canine adenovirus 1 strain Glaxo; Homo sapiens;Canine adenovirus 2; Homo sapiens;Canine mastadenovirus A; Homo sapiens;Canis; Homo sapiens;Canis latrans; Homo sapiens;Canis lupus; Homo sapiens;Canis lupus familiaris; Homo sapiens;Canis sp.; Homo sapiens;Capra; Homo sapiens;Capra aegagrus; Homo sapiens;Capra hircus; Homo sapiens;Capreolus; Homo sapiens;Capreolus capreolus; Homo sapiens;Capricornis; Homo sapiens;Capricornis crispus; Homo sapiens;Caprinae; Homo sapiens;Capripoxvirus; Homo sapiens;Castor; Homo sapiens;Castor fiber; Homo sapiens;Cavia; Homo sapiens;Cavia cutleri; Homo sapiens;Cavia porcellus; Homo sapiens;Cavia sp.; Homo sapiens;Caviidae; Homo sapiens;Cephalophinae; Homo sapiens;Cephalophus; Homo sapiens;Ceratotherium; Homo sapiens;Ceratotherium simum; Homo sapiens;Cercopithecine alphaherpesvirus 2; Homo sapiens;Cerdocyon thous; Homo sapiens;Cervidae; Homo sapiens;Cervus; Homo sapiens;Cervus canadensis canadensis; Homo sapiens;Cervus canadensis nelsoni; Homo sapiens;Cervus elaphus; Homo sapiens;Cervus elaphus xanthopygus; Homo sapiens;Cervus nippon; Homo sapiens;Cetacea; Homo sapiens;Chaetognatha; Homo sapiens;Cheilostomatida; Homo sapiens;Chinchilla; Homo sapiens;Chinchilla chinchilla; Homo sapiens;Chinchillidae; Homo sapiens;Chlorella virus; Homo sapiens;Chloriridovirus; Homo sapiens;Chordopoxvirinae; Homo sapiens;Choristoneura biennis entomopoxvirus; Homo sapiens;Connochaetes; Homo sapiens;Connochaetes taurinus; Homo sapiens;Cowpox virus; Homo sapiens;Cricetinae; Homo sapiens;Cricetomys; Homo sapiens;Cricetomys gambianus; Homo sapiens;Cricetulus; Homo sapiens;Cricetulus griseus; Homo sapiens;Cricetulus longicaudatus; Homo sapiens;Cricetulus sp.; Homo sapiens;Cricetus; Homo sapiens;Cricetus cricetus; Homo sapiens;Crocuta; Homo sapiens;Crocuta crocuta; Homo sapiens;Cryptomys; Homo sapiens;Cryptomys hottentotus; Homo sapiens;Ctenodactylidae; Homo sapiens;Ctenodactylus; Homo sapiens;Ctenodactylus gundi; Homo sapiens;Ctenophora; Homo sapiens;Cytomegalovirus; Homo sapiens;Dama; Homo sapiens;Damaliscus; Homo sapiens;Damaliscus lunatus; Homo sapiens;Damaliscus lunatus korrigum; Homo sapiens;Damaliscus pygargus; Homo sapiens;Delphinapterus; Homo sapiens;Delphinapterus leucas; Homo sapiens;Delphinidae; Homo sapiens;Delphinus; Homo sapiens;Delphinus delphis; Homo sapiens;Deltapapillomavirus 1; Homo sapiens;Deltapapillomavirus 2; Homo sapiens;Diceros; Homo sapiens;Diceros bicornis; Homo sapiens;Dicotyles tajacu; Homo sapiens;Dicyema; Homo sapiens;Dicyema misakiense; Homo sapiens;Dicyemida; Homo sapiens;Dicyemidae; Homo sapiens;Dipodomys; Homo sapiens;Dipodomys californicus; Homo sapiens;Dipodomys heermanni; Homo sapiens;Dipodomys ordii; Homo sapiens;Dipodomys panamintinus; Homo sapiens;Duck hepatitis B virus brown Shanghai duck/S5; Homo sapiens;Duck hepatitis B virus white Shanghai duck/S31; Homo sapiens;Dusicyon; Homo sapiens;Echimyidae; Homo sapiens;Elephantidae; Homo sapiens;Elephantidae gen. sp.; Homo sapiens;Elephas; Homo sapiens;Elephas maximus; Homo sapiens;Enteropneusta; Homo sapiens;Entomopoxvirinae; Homo sapiens;Equid alphaherpesvirus 1; Homo sapiens;Equid alphaherpesvirus 4; Homo sapiens;Equid gammaherpesvirus 5; Homo sapiens;Equidae; Homo sapiens;Equine adenovirus; Homo sapiens;Equine herpesvirus type 1 (isolate HSV25A); Homo sapiens;Equine herpesvirus type 1 (strain AB1); Homo sapiens;Equine herpesvirus type 1 (strain Kentucky A); Homo sapiens;Equine herpesvirus type 1 (strain Kentucky D); Homo sapiens;Equine herpesvirus type 4 (strain 1942); Homo sapiens;Equine herpesvirus type 4 (strain MD); Homo sapiens;Equus; Homo sapiens;Equus asinus; Homo sapiens;Equus caballus; Homo sapiens;Equus grevyi; Homo sapiens;Equus hemionus; Homo sapiens;Equus przewalskii; Homo sapiens;Equus zebra; Homo sapiens;Eschrichtiidae; Homo sapiens;Eschrichtius; Homo sapiens;Eschrichtius robustus; Homo sapiens;Felid alphaherpesvirus 1; Homo sapiens;Felidae; Homo sapiens;Felis; Homo sapiens;Felis catus; Homo sapiens;Felis silvestris; Homo sapiens;Felis sp.; Homo sapiens;Fowl aviadenovirus 1; Homo sapiens;Fowl aviadenovirus 10; Homo sapiens;Fowlpox virus; Homo sapiens;Fowlpox virus isolate HP-438/Munich; Homo sapiens;Fowlpox virus strain FP-1; Homo sapiens;Frog virus 3; Homo sapiens;Fuselloviridae; Homo sapiens;Galea; Homo sapiens;Galea musteloides; Homo sapiens;Gallid alphaherpesvirus 1; Homo sapiens;Gallid alphaherpesvirus 2; Homo sapiens;Gallid herpesvirus 2 strain FC126; Homo sapiens;Gallid herpesvirus 2 strain H2; Homo sapiens;Gammaherpesvirinae; Homo sapiens;Gazella; Homo sapiens;Geomyidae; Homo sapiens;Georychus; Homo sapiens;Georychus capensis; Homo sapiens;Gerbillinae; Homo sapiens;Gerbillus; Homo sapiens;Gerbillus sp.; Homo sapiens;Giraffa; Homo sapiens;Giraffa camelopardalis; Homo sapiens;Giraffidae; Homo sapiens;Globicephala; Homo sapiens;Globicephala melas; Homo sapiens;Ground squirrel hepatitis virus; Homo sapiens;Gymnolaemata; Homo sapiens;Halichoerus; Homo sapiens;Halichoerus grypus; Homo sapiens;Hamster papovavirus; Homo sapiens;Harrimaniidae; Homo sapiens;Helarctos; Homo sapiens;Helarctos malayanus; Homo sapiens;Heliophobius; Homo sapiens;Heliophobius argenteocinereus; Homo sapiens;Heliothis armigera entomopoxvirus; Homo sapiens;Hemichordata; Homo sapiens;Hepadnaviridae; Homo sapiens;Hepatitis B virus; Homo sapiens;Hepatitis B virus LSH/chimpanzee; Homo sapiens;Hepatitis B virus adr4; Homo sapiens;Hepatitis B virus adw/991; Homo sapiens;Hepatitis B virus adw/Indonesia/PIDW420; Homo sapiens;Hepatitis B virus adw/Japan/PJDW233; Homo sapiens;Hepatitis B virus adw/Okinawa/PODW282; Homo sapiens;Hepatitis B virus alpha1; Homo sapiens;Hepatitis B virus subtype adw2; Homo sapiens;Hepatitis B virus subtype adyw; Homo sapiens;Hepatitis B virus subtype ayw; Homo sapiens;Hepatitis delta virus (ISOLATE 7/18/83); Homo sapiens;Hepatitis delta virus (ISOLATE AMERICAN); Homo sapiens;Hepatitis delta virus (ISOLATE ITALIAN); Homo sapiens;Hepatitis delta virus (ISOLATE JAPANESE M-1); Homo sapiens;Hepatitis delta virus (ISOLATE JAPANESE M-2); Homo sapiens;Hepatitis delta virus (ISOLATE JAPANESE S-1); Homo sapiens;Hepatitis delta virus (ISOLATE JAPANESE S-2); Homo sapiens;Hepatitis delta virus (ISOLATE NAURU); Homo sapiens;Herpestes; Homo sapiens;Herpestes ichneumon; Homo sapiens;Herpestidae; Homo sapiens;Herpesvirus saimiri (strain 11); Homo sapiens;Herpesvirus saimiri (strain 484-77); Homo sapiens;Herpesvirus saimiri (strain 488); Homo sapiens;Herpesvirus sylvilagus; Homo sapiens;Heterocephalus; Homo sapiens;Heterocephalus glaber; Homo sapiens;Heteromyidae; Homo sapiens;Hippopotamidae; Homo sapiens;Hippopotamus; Homo sapiens;Hippopotamus amphibius; Homo sapiens;Hippotraginae; Homo sapiens;Human adenovirus 1; Homo sapiens;Human adenovirus 11; Homo sapiens;Human adenovirus 14; Homo sapiens;Human adenovirus 18; Homo sapiens;Human adenovirus 2; Homo sapiens;Human adenovirus 31; Homo sapiens;Human adenovirus 34; Homo sapiens;Human adenovirus 35; Homo sapiens;Human adenovirus 41; Homo sapiens;Human adenovirus 6; Homo sapiens;Human adenovirus 7; Homo sapiens;Human adenovirus D9; Homo sapiens;Human alphaherpesvirus 1; Homo sapiens;Human alphaherpesvirus 1 strain 17; Homo sapiens;Human alphaherpesvirus 1 strain A44; Homo sapiens;Human alphaherpesvirus 1 strain Angelotti; Homo sapiens;Human alphaherpesvirus 1 strain CL101; Homo sapiens;Human alphaherpesvirus 1 strain F; Homo sapiens;Human alphaherpesvirus 1 strain HFEM; Homo sapiens;Human alphaherpesvirus 1 strain HZT; Homo sapiens;Human alphaherpesvirus 1 strain KOS; Homo sapiens;Human alphaherpesvirus 1 strain MP; Homo sapiens;Human alphaherpesvirus 1 strain Patton; Homo sapiens;Human alphaherpesvirus 1 strain SC16; Homo sapiens;Human alphaherpesvirus 2; Homo sapiens;Human alphaherpesvirus 3; Homo sapiens;Human betaherpesvirus 5; Homo sapiens;Human betaherpesvirus 6; Homo sapiens;Human betaherpesvirus 7; Homo sapiens;Human herpesvirus 2 strain 186; Homo sapiens;Human herpesvirus 2 strain 333; Homo sapiens;Human herpesvirus 2 strain G; Homo sapiens;Human herpesvirus 2 strain HG52; Homo sapiens;Human herpesvirus 2 strain SA8; Homo sapiens;Human herpesvirus 3 acyclovir-resistant strain 40A2; Homo sapiens;Human herpesvirus 3 acyclovir-resistant strain 7-1-3; Homo sapiens;Human herpesvirus 3 acyclovir-resistant strain GK; Homo sapiens;Human herpesvirus 3 strain Dumas; Homo sapiens;Human herpesvirus 3 strain Scott; Homo sapiens;Human herpesvirus 3 wild strains; Homo sapiens;Human herpesvirus 4 strain B95-8; Homo sapiens;Human herpesvirus 4 strain RAJI; Homo sapiens;Human herpesvirus 5 strain AD169; Homo sapiens;Human herpesvirus 5 strain Colburn; Homo sapiens;Human herpesvirus 5 strain Eisenhardt; Homo sapiens;Human herpesvirus 5 strain Towne; Homo sapiens;Human herpesvirus 6 (strain GS); Homo sapiens;Human herpesvirus 6 (strain Uganda-1102); Homo sapiens;Human papillomavirus; Homo sapiens;Human papillomavirus 4; Homo sapiens;Human papillomavirus type 7; Homo sapiens;Hyaenidae; Homo sapiens;Hydrochaeridae; Homo sapiens;Hydrochoerus; Homo sapiens;Hydrochoerus hydrochaeris; Homo sapiens;Hydropotes; Homo sapiens;Hydropotes inermis; Homo sapiens;Hyracoidea; Homo sapiens;Hystricidae; Homo sapiens;Hystrix; Homo sapiens;Hystrix africaeaustralis; Homo sapiens;Hystrix cristata; Homo sapiens;Ichnoviriform sonorense; Homo sapiens;Ictalurid herpesvirus 1; Homo sapiens;Infectious laryngotracheitis virus (strain SA-2); Homo sapiens;Infectious laryngotracheitis virus (strain Thorne V882); Homo sapiens;Inia; Homo sapiens;Inia geoffrensis; Homo sapiens;Iotapapillomavirus 1; Homo sapiens;Iridoviridae; Homo sapiens;Iridovirus; Homo sapiens;Kobus; Homo sapiens;Kobus ellipsiprymnus; Homo sapiens;Kogia; Homo sapiens;Kogia sima; Homo sapiens;Lagomorpha; Homo sapiens;Lagostomus; Homo sapiens;Lagostomus maximus; Homo sapiens;Lama; Homo sapiens;Lama glama; Homo sapiens;Lama guanicoe; Homo sapiens;Leporidae; Homo sapiens;Leporipoxvirus; Homo sapiens;Leptonychotes; Homo sapiens;Leptonychotes weddellii; Homo sapiens;Lepus; Homo sapiens;Lepus capensis; Homo sapiens;Lepus europaeus; Homo sapiens;Lipothrixviridae; Homo sapiens;Loxodonta; Homo sapiens;Loxodonta africana; Homo sapiens;Lutra; Homo sapiens;Lutra lutra; Homo sapiens;Lycaon; Homo sapiens;Lycaon pictus; Homo sapiens;Lymantria dispar multiple nucleopolyhedrovirus; Homo sapiens;Lymphocryptovirus; Homo sapiens;Lymphocystivirus; Homo sapiens;Macaca mulatta cytomegalovirus; Homo sapiens;Macacine alphaherpesvirus 1; Homo sapiens;Madoqua; Homo sapiens;Malignant rabbit fibroma virus; Homo sapiens;Manidae; Homo sapiens;Manis; Homo sapiens;Manis javanica; Homo sapiens;Marek's disease herpesvirus strain GA; Homo sapiens;Marek's disease herpesvirus type 1 strain BC-1; Homo sapiens;Marek's disease herpesvirus type 1 strain MD5; Homo sapiens;Marmota; Homo sapiens;Marmota marmota; Homo sapiens;Marmota marmota marmota; Homo sapiens;Marmota monax; Homo sapiens;Martes; Homo sapiens;Martes americana; Homo sapiens;Martes foina; Homo sapiens;Mastadenovirus; Homo sapiens;Megaptera; Homo sapiens;Megaptera novaeangliae; Homo sapiens;Meles; Homo sapiens;Meles meles; Homo sapiens;Mellivora; Homo sapiens;Mellivora capensis; Homo sapiens;Melursus; Homo sapiens;Melursus ursinus; Homo sapiens;Meriones; Homo sapiens;Meriones unguiculatus; Homo sapiens;Mesocricetus; Homo sapiens;Mesocricetus auratus; Homo sapiens;Mesocricetus brandti; Homo sapiens;Mesocricetus sp.; Homo sapiens;Mesoplodon; Homo sapiens;Mesoplodon carlhubbsi; Homo sapiens;Micromys minutus papillomavirus 1; Homo sapiens;Microtus; Homo sapiens;Microtus chrotorrhinus; Homo sapiens;Microtus pennsylvanicus; Homo sapiens;Microtus xanthognathus; Homo sapiens;Mirounga; Homo sapiens;Mirounga angustirostris; Homo sapiens;Mirounga leonina; Homo sapiens;Molluscipoxvirus; Homo sapiens;Molluscum contagiosum virus; Homo sapiens;Molluscum contagiosum virus subtype 1; Homo sapiens;Molluscum contagiosum virus subtype 2; Homo sapiens;Moniliformida; Homo sapiens;Moniliformidae; Homo sapiens;Moniliformis; Homo sapiens;Moniliformis moniliformis; Homo sapiens;Monkey B-lymphotropic papovavirus; Homo sapiens;Monkeypox virus; Homo sapiens;Monodontidae; Homo sapiens;Monogononta; Homo sapiens;Muntiacus; Homo sapiens;Muntiacus muntjak; Homo sapiens;Muntiacus reevesi; Homo sapiens;Muntiacus vaginalis; Homo sapiens;Murid betaherpesvirus 1; Homo sapiens;Muridae; Homo sapiens;Murine adenovirus 1; Homo sapiens;Murine cytomegalovirus (strain Smith); Homo sapiens;Muromegalovirus; Homo sapiens;Mus; Homo sapiens;Mus caroli; Homo sapiens;Mus musculus; Homo sapiens;Mus musculus castaneus; Homo sapiens;Mus musculus domesticus; Homo sapiens;Mus pahari; Homo sapiens;Mus saxicola; Homo sapiens;Mustela; Homo sapiens;Mustela lutreola; Homo sapiens;Mustela putorius; Homo sapiens;Mustela putorius furo; Homo sapiens;Mustelidae; Homo sapiens;Myocastor; Homo sapiens;Myocastor coypus; Homo sapiens;Myocastoridae; Homo sapiens;Mysticeti; Homo sapiens;Myxoma virus; Homo sapiens;Nasua; Homo sapiens;Nasua nasua; Homo sapiens;Nasua nasua rufa; Homo sapiens;Necromys amoenus; Homo sapiens;Ochotona; Homo sapiens;Ochotona princeps; Homo sapiens;Ochotonidae; Homo sapiens;Octodon; Homo sapiens;Octodon degus; Homo sapiens;Octodontidae; Homo sapiens;Odobenidae; Homo sapiens;Odobenus; Homo sapiens;Odobenus rosmarus; Homo sapiens;Odobenus rosmarus divergens; Homo sapiens;Odocoileinae; Homo sapiens;Odocoileus; Homo sapiens;Odocoileus hemionus; Homo sapiens;Odocoileus hemionus columbianus; Homo sapiens;Odocoileus hemionus crooki; Homo sapiens;Odocoileus hemionus hemionus; Homo sapiens;Odocoileus hemionus sitkensis; Homo sapiens;Odocoileus virginianus; Homo sapiens;Odocoileus virginianus dakotensis; Homo sapiens;Odocoileus virginianus texanus; Homo sapiens;Odocoileus virginianus virginianus; Homo sapiens;Odontoceti; Homo sapiens;Ondatra; Homo sapiens;Ondatra zibethicus; Homo sapiens;Orcinus; Homo sapiens;Orcinus orca; Homo sapiens;Orf virus; Homo sapiens;Orf virus (strain NZ2); Homo sapiens;Orgyia pseudotsugata single capsid nuclopolyhedrovirus; Homo sapiens;Orthohepadnavirus; Homo sapiens;Orthopoxvirus; Homo sapiens;Orthopoxvirus vaccinia; Homo sapiens;Orycteropodidae; Homo sapiens;Orycteropus; Homo sapiens;Orycteropus afer; Homo sapiens;Oryctolagus; Homo sapiens;Oryctolagus cuniculus; Homo sapiens;Oryx; Homo sapiens;Oryx gazella; Homo sapiens;Otariidae; Homo sapiens;Otocyon; Homo sapiens;Otocyon megalotis; Homo sapiens;Ovine gammaherpesvirus 2; Homo sapiens;Ovis; Homo sapiens;Ovis aries; Homo sapiens;Ovis aries musimon; Homo sapiens;Ovis dalli; Homo sapiens;Ovis sp.; Homo sapiens;Paguma; Homo sapiens;Paguma larvata; Homo sapiens;Panolis flammea nucleopolyhedrovirus; Homo sapiens;Panthera; Homo sapiens;Panthera leo; Homo sapiens;Panthera onca; Homo sapiens;Panthera pardus; Homo sapiens;Panthera pardus orientalis; Homo sapiens;Panthera pardus saxicolor; Homo sapiens;Panthera tigris; Homo sapiens;Panthera tigris sumatrae; Homo sapiens;Paramecium bursaria Chlorella virus 1; Homo sapiens;Parapoxvirus; Homo sapiens;Pedetes; Homo sapiens;Pedetes capensis; Homo sapiens;Pedetidae; Homo sapiens;Perissodactyla; Homo sapiens;Peromyscus; Homo sapiens;Peromyscus leucopus; Homo sapiens;Peromyscus maniculatus; Homo sapiens;Petromus; Homo sapiens;Petromus typicus; Homo sapiens;Phoca; Homo sapiens;Phoca vitulina; Homo sapiens;Phocidae; Homo sapiens;Phocoena; Homo sapiens;Phocoena phocoena; Homo sapiens;Phocoenidae; Homo sapiens;Phocoenoides; Homo sapiens;Phocoenoides dalli; Homo sapiens;Phocoenoides dalli dalli; Homo sapiens;Phodopus; Homo sapiens;Phodopus sungorus; Homo sapiens;Pholidota; Homo sapiens;Phycodnaviridae; Homo sapiens;Physeter; Homo sapiens;Physeter macrocephalus; Homo sapiens;Physeteridae; Homo sapiens;Pieris brassicae granulovirus; Homo sapiens;Pigeonpox virus; Homo sapiens;Placozoa; Homo sapiens;Plasmaviridae; Homo sapiens;Plasmavirus; Homo sapiens;Platanistidae; Homo sapiens;Poxviridae; Homo sapiens;Poxvirus sp.; Homo sapiens;Proboscidea; Homo sapiens;Proboscidea louisianica; Homo sapiens;Procavia; Homo sapiens;Procavia capensis; Homo sapiens;Procavia capensis habessinica; Homo sapiens;Procaviidae; Homo sapiens;Procyon; Homo sapiens;Procyon lotor; Homo sapiens;Procyonidae; Homo sapiens;Proechimys; Homo sapiens;Proechimys guairae; Homo sapiens;Proteles; Homo sapiens;Proteles cristata; Homo sapiens;Pteronura; Homo sapiens;Pteronura brasiliensis; Homo sapiens;Puma concolor; Homo sapiens;Pusa hispida; Homo sapiens;Pusa sibirica; Homo sapiens;Pygmy chimpanzee papillomavirus type 1; Homo sapiens;Rabbit fibroma virus; Homo sapiens;Rabbit fibroma virus (strain Kasza); Homo sapiens;Raccoonpox virus; Homo sapiens;Ranavirus; Homo sapiens;Rangifer; Homo sapiens;Rangifer tarandus; Homo sapiens;Reindeer papillomavirus; Homo sapiens;Rhadinovirus; Homo sapiens;Rhinoceros; Homo sapiens;Rhinoceros unicornis; Homo sapiens;Rhinocerotidae; Homo sapiens;Rhombozoa; Homo sapiens;Rodentia; Homo sapiens;Rotifera; Homo sapiens;Ruminantia; Homo sapiens;Saccoglossus; Homo sapiens;Saccoglossus kowalevskii; Homo sapiens;Sagitta; Homo sapiens;Saimiriine alphaherpesvirus 1; Homo sapiens;Saimiriine gammaherpesvirus 2; Homo sapiens;Sciurinae; Homo sapiens;Sciurus; Homo sapiens;Sciurus aberti; Homo sapiens;Sciurus aberti aberti; Homo sapiens;Sciurus aberti barberi; Homo sapiens;Sciurus aberti chuscensis; Homo sapiens;Sciurus aberti ferreus; Homo sapiens;Sciurus aberti kaibabensis; Homo sapiens;Sheeppox virus; Homo sapiens;Sheeppox virus INS-1; Homo sapiens;Sheeppox virus KS-1; Homo sapiens;Simian cytomegalovirus; Homo sapiens;Simian gamma-herpesvirus; Homo sapiens;Simplexvirus; Homo sapiens;Simulium sp. iridescent virus; Homo sapiens;Sirenia; Homo sapiens;Spalacinae; Homo sapiens;Spalax; Homo sapiens;Spermophilus; Homo sapiens;Spermophilus citellus; Homo sapiens;Spodoptera exigua multiple nucleopolyhedrovirus; Homo sapiens;Spodoptera frugiperda multiple nucleopolyhedrovirus; Homo sapiens;Spodoptera littoralis nucleopolyhedrovirus; Homo sapiens;Stenella; Homo sapiens;Stenella attenuata; Homo sapiens;Stenella coeruleoalba; Homo sapiens;Stenella longirostris; Homo sapiens;Suid alphaherpesvirus 1; Homo sapiens;Suid herpesvirus 1 (strain Indiana-Funkhauser); Homo sapiens;Suid herpesvirus 1 (strain NIA-3); Homo sapiens;Suid herpesvirus 1 (strain Rice); Homo sapiens;Suid herpesvirus 1 strain Becker; Homo sapiens;Suidae; Homo sapiens;Suipoxvirus; Homo sapiens;Sus; Homo sapiens;Sus scrofa; Homo sapiens;Sus scrofa domesticus; Homo sapiens;Sus sp.; Homo sapiens;Swinepox virus; Homo sapiens;Swinepox virus (STRAIN KASZA); Homo sapiens;Sylvilagus; Homo sapiens;Sylvilagus floridanus; Homo sapiens;Syncerus; Homo sapiens;Syncerus caffer; Homo sapiens;Tamiasciurus; Homo sapiens;Tamiasciurus hudsonicus; Homo sapiens;Tapiridae; Homo sapiens;Tapirus; Homo sapiens;Tapirus indicus; Homo sapiens;Tapirus terrestris; Homo sapiens;Tayassu; Homo sapiens;Tayassuidae; Homo sapiens;Thermoproteus tenax virus 1; Homo sapiens;Thermoproteus tenax virus 1 (STRAIN KRA1); Homo sapiens;Thermoproteus tenax virus 1 (STRAIN VT3); Homo sapiens;Thomomys; Homo sapiens;Thomomys bottae; Homo sapiens;Thomomys townsendii; Homo sapiens;Thryonomys; Homo sapiens;Thryonomys swinderianus; Homo sapiens;Tipula iridescent virus; Homo sapiens;Tragelaphus; Homo sapiens;Tragelaphus imberbis; Homo sapiens;Tragelaphus oryx; Homo sapiens;Tragelaphus strepsiceros; Homo sapiens;Tragulidae; Homo sapiens;Tragulus; Homo sapiens;Tragulus javanicus; Homo sapiens;Tragulus napu; Homo sapiens;Tremarctos; Homo sapiens;Tremarctos ornatus; Homo sapiens;Trichechidae; Homo sapiens;Trichechus; Homo sapiens;Trichechus inunguis; Homo sapiens;Trichechus manatus; Homo sapiens;Trichoplax; Homo sapiens;Trichoplax adhaerens; Homo sapiens;Trichoplusia ni granulovirus; Homo sapiens;Tubulidentata; Homo sapiens;Tupaiid betaherpesvirus 1; Homo sapiens;Tursiops; Homo sapiens;Tursiops truncatus; Homo sapiens;Tylopoda; Homo sapiens;Urocitellus parryii; Homo sapiens;Ursidae; Homo sapiens;Ursus; Homo sapiens;Ursus americanus; Homo sapiens;Ursus arctos; Homo sapiens;Ursus sp.; Homo sapiens;Ursus thibetanus; Homo sapiens;Vaccinia virus Copenhagen; Homo sapiens;Vaccinia virus Dairen I; Homo sapiens;Vaccinia virus IHD-J; Homo sapiens;Vaccinia virus LC16M8; Homo sapiens;Vaccinia virus LC16MO; Homo sapiens;Vaccinia virus Lister; Homo sapiens;Vaccinia virus Tian Tan; Homo sapiens;Vaccinia virus WR; Homo sapiens;Vaccinia virus WR 65-16; Homo sapiens;Varicellovirus; Homo sapiens;Variola virus; Homo sapiens;Vicugna vicugna; Homo sapiens;Viruses; Homo sapiens;Viverridae; Homo sapiens;Vulpes; Homo sapiens;Vulpes chama; Homo sapiens;Vulpes corsac; Homo sapiens;Vulpes macrotis; Homo sapiens;Vulpes velox; Homo sapiens;Vulpes vulpes; Homo sapiens;Woodchuck hepatitis virus 1; Homo sapiens;Woodchuck hepatitis virus 59; Homo sapiens;Woodchuck hepatitis virus 7; Homo sapiens;Woodchuck hepatitis virus 8; Homo sapiens;Woodchuck hepatitis virus 8 (INFECTIOUS CLONE); Homo sapiens;Woodchuck hepatitis virus w64; Homo sapiens;Woodchuck hepatitis virus w64 (ISOLATE PWS23); Homo sapiens;Xipapillomavirus 1; Homo sapiens;Yatapoxvirus; Homo sapiens;Zalophus; Homo sapiens;Zalophus californianus; Homo sapiens;Ziphiidae; Homo sapiens;Ziphius; Homo sapiens;Ziphius cavirostris; Homo sapiens;avian adenovirus; Homo sapiens;bovine alphaherpesvirus 1; Homo sapiens;human gammaherpesvirus 4; Homo sapiens;human papillomavirus 13; Homo sapiens;human papillomavirus 52; Homo sapiens;simian adenovirus 7; Homo sapiens;unidentified adenovirus; Homo sapiens;unidentified baculovirus; Homo sapiens;unidentified entomopoxvirus; Homo sapiens;unidentified granulovirus; Homo sapiens;unidentified nuclear polyhedrosis viruses	11331	1965	9034	332	human gut metagenome; human milk metagenome; human nasopharyngeal metagenome; human oral metagenome; human skin metagenome; human vaginal metagenome; metagenome	UBERON:anus; UBERON:areola; UBERON:arm skin; UBERON:feces; UBERON:mammary gland; UBERON:mouth; UBERON:nares; UBERON:skin of foot; UBERON:skin of forehead; UBERON:vagina	False	MG_baby timeseries			KEEP
PRJEB14489	NEEDS_ABSTRACT	Bats	Anoura cultrata; Antrozous dubiaquercus;Bauerus dubiaquercus; Artibeus glaucus; Artibeus jamaicensis; Artibeus lituratus; Artibeus phaeotis;Dermanura phaeotis; Carollia brevicauda; Carollia sowelli; Chiroptera; Choeroniscus minor; Chrotopterus auritus; Desmodus rotundus; Eptesicus furinalis; Glossophaga soricina; Lophostoma brasiliense; Lophostoma evotis; Micronycteris microtis; Molossus sinaloae; Mormoops megalophylla; Myotis elegans; Myotis nigricans; Myotis simus; Noctilio leporinus; Peropteryx kappleri; Pteronotus davyi; Pteronotus parnellii; Rhogeessa aeneus; Rhynchonycteris naso; Saccopteryx bilineata; Sturnira erythromos; Sturnira lilium; Trachops cirrhosus; Vampyressa thyone; metagenome	96	0	0	96	bat metagenome; metagenome		False	Gut microbiota of phyllostomid bats that span a breadth of diets			KEEP
PRJNA565775	KEEP	Bats	Chiroptera	39	38	0	1	feces metagenome; feline metagenome; gut metagenome		False	Virome of animals			KEEP
PRJNA1269778	KEEP	Bats	Chiroptera	48	48	0	0	bat gut metagenome		False	Microbiome Characterization of Bat Guano from Camino del Hierro, Arribes del Duero Natural Park, Spain			KEEP
PRJNA325503	KEEP	Bats	Chiroptera	9	9	0	0	gut metagenome		False	Chiropteran DNA minibarcoding using amplicon sequencing from guano			KEEP
PRJNA84289	KEEP	Bats	Chiroptera	1	1	0	0	uncultured bacterium		False	Chiropteran Mucosal 16S rRNA Targeted Locus	"1. Mol Ecol. 2012 Jun;21(11):2617-27. doi: 10.1111/j.1365-294X.2012.05568.x. Epub
 2012 Apr 23.

Microbiome analysis among bats describes influences of host phylogeny, life 
history, physiology and geography.

Phillips CD(1), Phelan G, Dowd SE, McDonough MM, Ferguson AW, Delton Hanson J, 
Siles L, Ordóñez-Garza N, San Francisco M, Baker RJ.

Author information:
(1)Department of Biological Sciences, Texas Tech University, Lubbock, TX 79409, 
USA. caleb.phillips@ttu.edu

Metagenomic methods provide an experimental approach to inform the relationships 
between hosts and their microbial inhabitants. Previous studies have provided 
the conceptual realization that microbiomes are dynamic among hosts and the 
intimacy of relation between micro- and macroorganisms. Here, we present an 
intestinal microflora community analysis for members of the order Chiroptera and 
investigate the relative influence of variables in shaping observed microbiome 
relationships. The variables ranged from those considered to have ancient and 
long-term influences (host phylogeny and life history) to the relatively 
transient variable of host reproductive condition. In addition, collection 
locality data, representing the geographic variable, were included in analyses. 
Results indicate a complex influence of variables in shaping sample 
relationships in which signal for host phylogeny is recovered at broad taxonomic 
levels (family), whereas intrafamilial analyses disclosed various degrees of 
resolution for the remaining variables. Although cumulative probabilities of 
assignment indicated both reproductive condition and geography influenced 
relationships, comparison of ecological measures among groups revealed 
statistical differences between most variable classifications. For example, 
ranked ecological diversity was associated with host phylogeny (deeper 
coalescences among families were associated with more microfloral diversity), 
dietary strategy (herbivory generally retained higher diversity than carnivory) 
and reproductive condition (reproductively active females displayed more diverse 
microflora than nonreproductive conditions). Overall, the results of this study 
describe a complex process shaping microflora communities of wildlife species as 
well as provide avenues for future research that will further inform the nature 
of symbiosis between microflora communities and hosts.

© 2012 Blackwell Publishing Ltd.

DOI: 10.1111/j.1365-294X.2012.05568.x
PMID: 22519571 [Indexed for MEDLINE]"	22519571	KEEP
PRJNA379515	NEEDS_ABSTRACT	Bats	Chiroptera	12	0	0	12	bat metagenome		False	Virome analysis for identification of novel mammalian viruses in bats from southeast China			DROP
PRJNA525109	KEEP	Bats	Chiroptera	41	41	0	0	gut metagenome		False	Bat community identification: comparing genetic efficacy vs traditional survey techniques.			KEEP
PRJNA464362	KEEP	Bats	Anas platyrhynchos; Branta canadensis; Canis latrans; Canis lupus familiaris; Chiroptera; Columbidae; Felis catus; Homo sapiens; Ictidomys tridecemlineatus; Procyon lotor; Sciurus niger; Vulpes vulpes	416	68	235	113	Agaricomycetes; Burkholderiales; Clostridium; Cystobasidiomycetes; Hyphomicrobiales; Leotiomycetes; Lysobacterales; Mus musculus; Neisseria gonorrhoeae; Pseudomonas; Saccharomycetes; Sordariomycetes; Sphingomonas; feces metagenome; freshwater metagenome; sediment metagenome; soil metagenome; unidentified		False	Metabarcoding of Amazonia			KEEP
PRJNA464356	KEEP	Bats	Anas platyrhynchos; Branta canadensis; Canis latrans; Canis lupus familiaris; Chiroptera; Columbidae; Felis catus; Ictidomys tridecemlineatus; Procyon lotor; Sciurus niger; Vulpes vulpes	120	33	80	7	feces metagenome; freshwater metagenome; sediment metagenome; wastewater metagenome		False	metagenome Targeted loci environmental	"1. ISME J. 2018 Dec;12(12):2864-2882. doi: 10.1038/s41396-018-0240-8. Epub 2018
Jul  26.

Genomic profiling of four cultivated Candidatus Nitrotoga spp. predicts broad 
metabolic potential and environmental distribution.

Boddicker AM(1), Mosier AC(2).

Author information:
(1)Department of Integrative Biology, University of Colorado Denver, Campus Box 
171, Denver, CO, USA.
(2)Department of Integrative Biology, University of Colorado Denver, Campus Box 
171, Denver, CO, USA. annika.mosier@ucdenver.edu.

Nitrite-oxidizing bacteria (NOB) play a critical role in the mitigation of 
nitrogen pollution by metabolizing nitrite to nitrate, which is removed via 
assimilation, denitrification, or anammox. Recent studies showed that NOB are 
phylogenetically and metabolically diverse, yet most of our knowledge of NOB 
comes from only a few cultured representatives. Using cultivation and genomic 
sequencing, we identified four putative Candidatus Nitrotoga NOB species from 
freshwater sediments and water column samples in Colorado, USA. Genome analyses 
indicated highly conserved 16S rRNA gene sequences, but broad metabolic 
potential including genes for nitrogen, sulfur, hydrogen, and organic carbon 
metabolism. Genomic predictions suggested that Ca. Nitrotoga can metabolize in 
low oxygen or anoxic conditions, which may support an expanded environmental 
niche for Ca. Nitrotoga similar to other NOB. An array of antibiotic and metal 
resistance genes likely allows Ca. Nitrotoga to withstand environmental 
pressures in impacted systems. Phylogenetic analyses highlighted a deeply 
divergent nitrite oxidoreductase alpha subunit (NxrA), suggesting a novel 
evolutionary trajectory for Ca. Nitrotoga separate from any other NOB and 
further revealing the complex evolutionary history of nitrite oxidation in the 
bacterial domain. Ca. Nitrotoga-like 16S rRNA gene sequences were prevalent in 
globally distributed environments over a range of reported temperatures. This 
work considerably expands our knowledge of the Ca. Nitrotoga genus and suggests 
that their contribution to nitrogen cycling should be considered alongside other 
NOB in wide variety of habitats.

DOI: 10.1038/s41396-018-0240-8
PMCID: PMC6246548
PMID: 30050164 [Indexed for MEDLINE]

Conflict of interest statement: The authors declare that they have no conflict 
of interest."	30050164	KEEP
PRJNA218570	KEEP	Bats	Chiroptera	1	1	0	0	gut metagenome		False	Bat feces Random survey			KEEP
PRJNA685292	NEEDS_ABSTRACT	Fruit fly (Drosophila)		260	0	0	260	food metagenome; synthetic metagenome		False	Testing markers (ITS1, ITS2, LSU D1D2 and RPB2) to characterize microbial communities in food ecosystems using metagenomics approach			MANUAL_REVIEW
PRJNA705894	NEEDS_ABSTRACT	Mosquitoes	Aedes cinereus; Culex modestus; Culex pipiens; Culicidae	8	0	0	8	metagenome		False	Viral metagenomics of Belgian mosquitoes			DROP
PRJNA768434	KEEP	Mosquitoes	Culicidae	87	86	0	1	feces metagenome; metagenome		False	Amplicon-based metagenomic analysis of mosquito excreta			KEEP
PRJNA802710	DROP	Mosquitoes	Culicidae	14	0	14	0	Cell fusing agent virus; Phasivirus phasiense; Tesano Aedes virus		False				DROP
PRJNA1187880	NEEDS_ABSTRACT	Mosquitoes	Culicidae	19	0	0	19	mosquito metagenome		False	16S rRNA Raw sequence reads			MANUAL_REVIEW
PRJNA1248132	NEEDS_ABSTRACT	Mosquitoes	Culicidae	6	0	0	6	mosquito metagenome		False	Environmental DNA Dataset from Mosquito Habitat Water Containers in Jakarta Indonesia			MANUAL_REVIEW
PRJNA1036017	NEEDS_ABSTRACT	Beetles	Coleoptera	32	0	0	32	insect metagenome		False	Contribution of the Oulema spp. microbiome to insect survival rates after insecticide treatment			MANUAL_REVIEW
PRJNA1169755	NEEDS_ABSTRACT	Beetles		7	0	0	7	insect metagenome		False	Cell shape affects bacterial colony growth under physical confinement			MANUAL_REVIEW
PRJNA849724	NEEDS_ABSTRACT	Butterflies and moths	Lepidoptera	12	0	6	6	insect metagenome; soil metagenome		False	High-throughput data of Cordyceps militaris in Liaoning province in year 2020 and 2021			MANUAL_REVIEW
PRJNA1077668	NEEDS_ABSTRACT	Butterflies and moths	Lepidoptera	15	0	0	15	insect metagenome		False	High-throughput fungal data of Cordyceps militaris in Liaoning province in 2019-2023.			MANUAL_REVIEW
PRJNA750668	KEEP	Butterflies and moths	Acrida cinerea; Aiolopus thalassinus tamulus; Algedonia; Bambusa oldhamii; Cenchrus compressus; Ceracris nigricornis; Cerambycidae; Cicadidae; Circobotys; Curculionidae; Fargesia; Hippotiscus dorsalis; Kumasia kumaso; Lepidoptera; Notodontidae; Oligia apameoides; Paederia scandens; Phragmites australis; Phyllostachys; Phyllostachys edulis; Phyllostachys nigra var. henonis; Phyllostachys prominens; Populus; Pyralidae; Sporobolus alterniflorus; Suaeda glauca	343	270	0	73	gut metagenome; plant metagenome		False	the microbiota of insect and plants			KEEP
PRJNA965898	NEEDS_ABSTRACT	Butterflies and moths	Lepidoptera	9	0	6	3	insect metagenome; soil metagenome		False	High-throughput data of Cordyceps militaris in Liaoning province in 2022			MANUAL_REVIEW
PRJNA1250450	DROP	Cetaceans	Tursiops erebennus	13	0	13	0	skin metagenome		False				DROP
PRJNA901878	DROP	Bats	Ailurus fulgens; Anourosorex squamipes; Aonyx cinereus; Apodemus agrarius; Apodemus draco; Apodemus nigrus; Apodemus peninsulae; Aselliscus stoliczkanus; Caracal caracal; Ceratotherium simum; Cercopithecus ascanius; Chodsigoa hoffmanni; Chodsigoa hypsibia; Crocidura attenuata; Dremomys pernyi; Eospalax rufescens; Eothenomys eleusis; Eothenomys eva; Eozapus setchuanus; Equus quagga burchellii; Erythrocebus patas; Felis silvestris; Giraffa giraffa; Hipposideros armiger; Hipposideros cf. larvatus; Hipposideros larvatus; Hipposideros pomona; Hoolock leuconedys; Hydrochoerus hydrochaeris; Hystrix brachyura; Ia io; Lemur catta; Leopoldamys edwardsi; Leptailurus serval; Lophocebus aterrimus; Macaca mulatta; Manis javanica; Miniopterus fuliginosus; Miniopterus magnater; Miniopterus pusillus; Miniopterus schreibersii; Murina eleryi; Murina shuipuensis; Murina sp.; Myocastor coypus; Myotis chinensis; Myotis davidii; Myotis siligorensis; Myotis sp.; Neotetracus sinensis; Niviventer andersoni; Niviventer confucianus; Niviventer fulvescens; Niviventer huang; Niviventer lotipes; Niviventer sp.; Nomascus gabriellae; Nomascus leucogenys; Ochotona cansus; Ochotona curzoniae; Ochotona sp.; Osphranter robustus; Pan troglodytes; Panthera leo; Panthera pardus; Panthera tigris; Panthera tigris altaica; Panthera tigris amoyensis; Pipistrellus dhofarensis; Procyon lotor; Rattus pyctoris; Rattus tanezumi; Rhinolophus affinis; Rhinolophus macrotis; Rhinolophus pearsonii; Rhinolophus pusillus; Rhinolophus rex; Rhinolophus siamensis; Rhinolophus sinicus; Rhinolophus sp.; Rhinolophus thomasi; Rhinopithecus roxellana; Rhizomys pruinosus; Rousettus leschenaultii; Rusa unicolor; Saimiri sciureus; Sciurotamias davidianus; Sorex cylindricauda; Sus scrofa; Taphozous melanopogon; Trachypithecus francoisi; Tylonycteris robustula; Uropsilus gracilis; Uropsilus soricipes; Uropsilus sp.; Ursus arctos; Ursus thibetanus; Viverra zibetha	466	0	466	0	viral metagenome		True				DROP
PRJEB91453	NEEDS_ABSTRACT	Sirenians	Camelus dromedarius; Capreolus capreolus; Cephalophus silvicultor; Ceratotherium simum; Cuniculus paca; Diceros bicornis; Dugong dugon; Environmental control; Equus burchellii; Equus caballus; Extraction blank; Giraffa camelopardalis; Gorilla beringei; Hippopotamus amphibius; Library blank; Loxodonta africana; Macropus giganteus; Marmota marmota; Meles meles; Muntiacus muntjak; Okapia johnstoni; Orcinus orca; Otaria byronia; Ovis ammon; Ovis aries; Papio anubis; Piliocolobus foai; Pongo pygmaeus; Pseudorca crassidens; Rupicapra rupicapra; Sus scrofa; Sus scrofa domesticus; Syncerus caffer; Tapirus indicus	461	0	0	461	cetacean metagenome; horse metagenome; mammal metagenome; marsupial metagenome; metagenome; ovine metagenome; pig metagenome; primate metagenome; rodent metagenome		True	Host traits impact the outcome of metagenomic library preparation from dental calculus samples across diverse mammals			MANUAL_REVIEW
PRJNA810306	KEEP	Sirenians	Accipiter nisus; Achrioptera fallax; Acrantophis madagascariensis; Acrocephalus scirpaceus; Acryllium vulturinum; Actitis hypoleucos; Addax nasomaculatus; Agkistrodon contortrix; Agkistrodon taylori; Ailuropoda melanoleuca; Ailurus fulgens; Alburnoides bipunctatus; Alburnus baliki; Alca torda; Alcedo atthis; Aldabrachelys gigantea; Alligator mississippiensis; Alytes muletensis; Ameiurus melas; Anser anser; Aotus lemurinus; Ara ararauna; Ara chloropterus; Ara macao; Arctictis binturong; Arctocephalus australis; Arion ater rufus; Artibeus jamaicensis; Asio otus; Astrochelys radiata; Astur gentilis; Ateles paniscus; Axis axis; Bettongia gaimardi; Bitis arietans; Bitis rhinoceros; Boa constrictor; Bos taurus; Boselaphus tragocamelus; Brachylophus fasciatus; Bubo scandiacus; Bucorvus leadbeateri; Budorcas taxicolor; Cabassous unicinctus; Callithrix geoffroyi; Camelus dromedarius; Canis lupus; Carduelis carduelis; Catagonus wagneri; Cavia porcellus; Cepaea hortensis; Cepaea nemoralis; Ceratotherium simum; Cercopithecus diana; Cercopithecus neglectus; Chamaeleo chamaeleon; Chamaeleo zeylanicus; Chauna torquata; Chelonoidis carbonarius; Chlorocebus aethiops; Choloepus didactylus; Chroicocephalus ridibundus; Chrysodeixis eriosoma; Ciconia boyciana; Circus aeruginosus; Coccothraustes coccothraustes; Colobus guereza; Coracias garrulus; Coracopsis vasa; Corallus hortulana; Cornu aspersum; Corvus corax; Corvus frugilegus; Crocuta crocuta; Crotalus atrox; Crotalus durissus; Cryptoprocta ferox; Cuora bourreti; Curruca communis; Cyanistes caeruleus; Cynopterus sphinx; Dacelo novaeguineae; Dasyprocta leporina; Dasypus kappleri; Dasypus novemcinctus; Dendroaspis polylepis; Dendrobates auratus; Dendrobates tinctorius; Dendrocopos major; Dendrolagus goodfellowi; Dendrolagus matschiei; Dolichotis patagonum; Dyscophus antongilii; Eidolon helvum; Elanus caeruleus; Eleutherodactylus martinicensis; Epicrates cenchria; Equus asinus; Equus caballus; Equus grevyi; Equus przewalskii; Eretmochelys imbricata; Erithacus rubecula; Eulemur coronatus; Eulemur mongoz; Eulemur rubriventer; Eunectes murinus; Euphractus sexcinctus; Falco peregrinus; Falco tinnunculus; Felis catus; Fulica atra; Gallinula chloropus; Gallus gallus; Garrulus glandarius; Giraffa camelopardalis; Gorilla gorilla; Gulo gulo; Gyps fulvus; Hapalemur aureus; Helix pomatia; Heloderma horridum; Heloderma suspectum; Herpestes urva; Hippotragus niger; Holocentrus rufus; Hyaena hyaena; Hydrochoerus hydrochaeris; Hyla arborea; Hystrix indica; Ichthyosaura alpestris; Kobus leche; Lagothrix poeppigii; Lama glama; Lampropeltis triangulum; Lanius excubitor; Lemur catta; Leontopithecus chrysomelas; Leopardus pardalis; Lepomis gibbosus; Limosa limosa; Loxodonta africana; Lutra lutra; Lynx lynx; Macaca sylvanus; Macroscelides proboscideus; Malayopython reticulatus; Manis pentadactyla; Martes flavigula; Mastus sitiensis; Muscicapa striata; Myrmecophaga tridactyla; Naja nivea; Nasua nasua; Natrix maura; Natrix natrix; Octopus vulgaris; Okapia johnstoni; Onthophagus crinitus; Oophaga sylvatica; Orycteropus afer; Oryctolagus cuniculus; Otocolobus manul; Otocyon megalotis; Pacifastacus leniusculus; Paleosuchus palpebrosus; Pan troglodytes; Panthera leo; Panthera onca; Panthera pardus; Panthera uncia; Papio papio; Parahyaena brunnea; Parus major; Patagioenas squamosa; Perca fluviatilis; Pernis apivorus; Phascolarctos cinereus; Philalanka thienemanni; Phoenicopterus roseus; Pica pica; Picus viridis; Pithecia irrorata; Pithecia pithecia; Podiceps cristatus; Pogona vitticeps; Pongo pygmaeus; Potamochoerus porcus; Procavia capensis; Procyon lotor; Prolemur simus; Propithecus deckenii; Proteles cristata; Pudu puda; Puffinus mauretanicus; Puma concolor; Rallus aquaticus; Ramphastos toco; Rattus rattus; Rhaebo guttatus; Rhea americana; Rhea pennata; Rhinella marina; Rhinoceros unicornis; Saguinus bicolor; Saimiri sciureus; Salmo trutta; Sapajus apella; Sarcophilus harrisii; Sargocentron spiniferum; Scarus taeniopterus; Scarus vetula; Semnopithecus entellus; Sitta europaea; Smutsia temminckii; Speothos venaticus; Spheniscus humboldti; Squalius cephalus; Sterna hirundo; Streptopelia decaocto; Strix aluco; Struthio camelus; Suricata suricatta; Sus cebifrons; Sus scrofa; Sylvia atricapilla; Tachybaptus ruficollis; Tamandua tetradactyla; Tapirus indicus; Tapirus terrestris; Testudo hermanni; Tetrapturus belone; Tiliqua scincoides; Timon lepidus; Trachycephalus resinifictrix; Tragelaphus strepsiceros; Trichechus manatus; Triturus cristatus; Troglodytes troglodytes; Turdus merula; Turdus philomelos; Turdus pilaris; Turdus viscivorus; Tyto alba; Ursus arctos; Varecia variegata; Vicugna vicugna; Vipera ammodytes; Vipera berus; Zalophus californianus	674	674	0	0	gut metagenome		False	Archaeal and bacterial 16Sr RNA gene sequencing from the gut microbiota of a wide range of animals			KEEP
PRJNA303105	KEEP	Sirenians	Trichechus manatus	9	9	0	0	gut metagenome		False	Manatee rectal bacteria Metagenome			KEEP
PRJNA887424	KEEP	Sirenians	Alces alces; Bison bison; Bos grunniens; Bos primigenius; Bos taurus; Bubalus bubalis; Budorcas taxicolor; Camelus dromedarius; Capra falconeri; Capra hircus; Capra ibex; Dolichotis salinicola; Elaphurus davidianus; Elephas maximus; Equus; Equus asinus; Equus caballus; Equus grevyi; Equus przewalskii; Gazella subgutturosa; Giraffa camelopardalis; Hydrochoerus hydrochaeris; Kobus megaceros; Lama glama; Odocoileus virginianus; Okapia johnstoni; Oreamnos americanus; Oryx beisa; Ovis aries; Rhinoceros unicornis; Rupicapra pyrenaica; Rupicapra rupicapra; Trichechus manatus; Vicugna pacos	578	578	0	0	feces metagenome		False	Patterns and determinants of the global herbivorous Mycobiome			KEEP
PRJNA794207	KEEP	Penguins	Spheniscus mendiculus	64	54	0	10	gut metagenome; metagenome; synthetic metagenome		False	Galapagos Penguin Gut Microbiome			KEEP
PRJNA757721	NEEDS_ABSTRACT	Penguins	Spheniscus demersus	139	0	0	139	metagenome		False	The microbiome of the managed African Penguin (Spheniscus demersus) resembles that of wild marine mammals and birds			DROP
PRJNA1200941	NEEDS_ABSTRACT	Penguins	Acheta domesticus; Acomys cilicicus; Agapornis nigrigenis; Ailurus fulgens; Alouatta caraya; Aonyx cinereus; Ara ararauna; Aratinga solstitialis; Atelerix albiventris; Atelerix sp.; Ateles sp.; Atherurus africanus; Balearica regulorum gibbericeps; Boa constrictor; Bradypus torquatus; Branta ruficollis; Bubalus bubalis; Bubo bubo; Bubo lacteus; Bubo scandiacus; Bycanistes bucinator; Cacatua ducorpsii; Callimico goeldii; Callithrix geoffroyi; Callithrix jacchus; Capra hircus; Carausius morosus; Cercocebus chrysogaster; Cervus nippon; Chaetophractus villosus; Chelonia mydas; Chelonoidis carbonarius; Chlorocebus aethiops; Chrysocyon brachyurus; Colobus polykomos; Colobus sp.; Coracopsis vasa; Cryptoprocta ferox; Cyclura cornuta; Cygnus melancoryphus; Cynomys sp.; Dacelo sp.; Dasyprocta azarae; Dendrocygna viduata; Dromaius novaehollandiae; Eolophus roseicapilla; Equus asinus; Equus asinus somalicus; Equus grevyi; Eublepharis macularius; Eudocimus ruber; Eulemur coronatus; Eulemur flavifrons; Eulemur macaco; Eulemur mongoz; Eulemur rubriventer; Eurycantha calcarata; Falco cherrug; Falco peregrinus; Galago senegalensis; Galago sp.; Giraffa sp.; Goura victoria; Gromphadorhina portentosa; Haliaeetus leucocephalus; Hapalemur aureus; Helogale parvula; Hystrix cristata; Lemur catta; Leopardus geoffroyi; Leopardus pardalis; Lepilemur sahamalaza; Malacochersus tornieri; Myrmecophaga tridactyla; Neophron percnopterus; Ninox boobook; Oryctolagus cuniculus; Osphranter rufus; Ovis aries; Panthera leo; Panthera pardus kotiya; Panthera uncia; Pantherophis guttatus; Parabuteo unicinctus; Pauxi pauxi; Phodopus roborovskii; Phryganistria heusii yentuensis; Ploceus melanocephalus; Pogona vitticeps; Polyboroides typus; Polyplectron bicalcaratum; Psittacus erithacus erithacus; Ptilopsis leucotis; Pudu sp.; Pulsatrix perspicillata; Python regius; Rousettus aegyptiacus; Saguinus imperator; Saguinus oedipus; Spheniscus demersus; Spheniscus humboldti; Strix leptogrammica; Strix nebulosa; Strix rufipes; Strix uralensis; Strix woodfordii; Struthio camelus; Suricata suricatta; Sus scrofa domesticus; Symphalangus syndactylus; Tauraco erythrolophus; Tauraco leucotis; Tragelaphus eurycerus isaaci; Tragopan temminckii; Tyto alba; Ursus arctos arctos; Ursus maritimus; Varecia rubra; Varecia variegata; Vicugna pacos	219	0	0	219	metagenome		True	16S rRNA amplicon sequencing of faecal samples from captive animal hosts			KEEP
PRJNA704214	KEEP	Penguins	Pygoscelis antarcticus	20	20	0	0	feces metagenome		False	Age-related variations in gut microbiota in Chinstrap penguins (Pygoscelis antarctica) reveal differences in food metabolism			KEEP
PRJNA956456	KEEP	Penguins	Leucocarbo; Pygoscelis adeliae; Pygoscelis antarcticus; Pygoscelis papua	2682	612	0	2070	gut metagenome; metagenome		False	The Influence of Biotic and Abiotic Factors on the Bacterial Microbiome of Gentoo Penguins (Pygoscelis papua) in Their Natural Environment			KEEP
PRJNA555609	NEEDS_ABSTRACT	Penguins	Pygoscelis adeliae; Pygoscelis antarcticus; Pygoscelis papua	9	0	0	9	bird metagenome		False	Viral metagenomic of penguins from Antarctica	"1. Virus Evol. 2019 Dec 13;5(2):vez047. doi: 10.1093/ve/vez047. eCollection 2019 
Jul.

Pingu virus: A new picornavirus in penguins from Antarctica.

de Souza WM(1), Fumagalli MJ(1), Martin MC(2), de Araujo J(3), Orsi MA(2), 
Sanfilippo LF(3), Modha S(4), Durigon EL(3), Proença-Módena JL(2), Arns CW(2), 
Murcia PR(4), Figueiredo LTM(1).

Author information:
(1)Virology Research Center, Ribeirão Preto Medical School, University of São 
Paulo, Avenida dos Bandeirantes 3900, Ribeirão Preto, SP, 14049-900 Brazil.
(2)Department of Genetics, Evolution, Microbiology and Immunology, Institute of 
Biology, University of Campinas (UNICAMP), Rua Monteiro Lobato, 255Cidade 
Universitária ""Zeferino Vaz"", Campinas, SP, 13083-862 Brazil.
(3)Institute of Biomedical Sciences, University of São Paulo, Av. Prof. Lineu 
Prestes, 2415 - Butantã, São Paulo - SP, 05508-900 Brazil.
(4)MRC-University of Glasgow Centre for Virus Research, 464 Bearsden Rd, 
Bearsden, Glasgow G61 1QH, UK.

Picornaviridae family comprises single-stranded, positive-sense RNA viruses 
distributed into forty-seven genera. Picornaviruses have a broad host range and 
geographic distribution in all continents. In this study, we applied a 
high-throughput sequencing approach to examine the presence of picornaviruses in 
penguins from King George Island, Antarctica. We discovered and characterized a 
novel picornavirus from cloacal swab samples of gentoo penguins (Pygoscelis 
papua), which we tentatively named Pingu virus. Also, using RT-PCR we detected 
this virus in 12.9 per cent of cloacal swabs derived from P. papua, but not in 
samples from adélie penguins (Pygoscelis adeliae) or chinstrap penguins 
(Pygoscelis antarcticus). Attempts to isolate the virus in a chicken cell line 
and in embryonated chicken eggs were unsuccessful. Our results expand the viral 
diversity, host range, and geographical distribution of the Picornaviridae.

© The Author(s) 2019. Published by Oxford University Press.

DOI: 10.1093/ve/vez047
PMCID: PMC6908804
PMID: 31850147"	31850147	KEEP
PRJNA1224211	NEEDS_ABSTRACT	Penguins	Aptenodytes patagonicus; Chionis minor; Eudyptes chrysocome; Eudyptes chrysolophus; Macronectes halli; Procellaria aequinoctialis; Stercorarius antarcticus; Thalassarche chlororhynchos	257	0	0	257	bird metagenome		False	Subantarctic marine bird 16S metagenome Raw sequence reads			DROP
PRJEB3384	NEEDS_ABSTRACT	Penguins	Eudyptula minor	5	0	0	5	Eudyptula minor		False	Variation in the Gastrointestinal Microbiota of Little Penguins (Eudyptula minor) During Development			KEEP
PRJNA437674	NEEDS_ABSTRACT	Penguins	Ailurus fulgens; Apalone ferox; Bos taurus; Bubo virginianus; Canis latrans; Canis lupus familiaris; Cathartes aura; Cervus canadensis; Coragyps atratus; Didelphis virginiana; Erithacus rubecula; Eudyptula minor; Felis catus; Gopherus polyphemus; Haliaeetus leucocephalus; Homo sapiens; Lontra canadensis; Lynx canadensis; Macaca mulatta; Meleagris gallopavo; Mephitis mephitis; Meriones unguiculatus; Morus bassanus; Nerodia erythrogaster; Odocoileus hemionus; Odocoileus virginianus; Ondatra zibethicus; Polihierax semitorquatus; Procyon lotor; Sialia sialis; Spheniscus magellanicus; Urocyon cinereoargenteus; Vulpes vulpes	881	0	16	865	Babesia divergens; Babesia duncani; Babesia microti; Babesia sp. AR1; Brugia malayi; Eukaryota sp.; Homo sapiens; Leishmania donovani; Leishmania infantum; Leishmania sp.; Loa loa; Mansonella perstans; Plasmodium falciparum; Plasmodium falciparum 3D7; Plasmodium knowlesi; Plasmodium malariae; Plasmodium ovale; Plasmodium sp.; Plasmodium vivax; Trypanosoma brucei; Trypanosoma cruzi; Wuchereria bancrofti; blood metagenome; metagenome; unclassified Mansonella		True	Universal Parasite Detection			MANUAL_REVIEW
PRJEB40660	KEEP	Penguins	Spheniscus magellanicus	12	12	0	0	Spheniscus magellanicus	feces	False	Viral metagenomics on fecal samples from Magellanic penguins			KEEP
PRJNA972831	NEEDS_ABSTRACT	Penguins	Aptenodytes patagonicus; Spheniscus magellanicus	64	0	0	64	bird metagenome		False	Magellan and King penguin body site microbiota			MANUAL_REVIEW
PRJNA1225745	NEEDS_ABSTRACT	Penguins	Spheniscus magellanicus	127	0	0	127	metagenome		False	Magellanic penguin feather microbiota across phenological and geographical factors			DROP
PRJNA544469	KEEP	Penguins		6	6	0	0	gut metagenome		False	Characterization of the cloacal microbiota of wild Magellanic Penguins			KEEP
PRJNA689088	KEEP	Penguins	Pygoscelis papua	20	20	0	0	feces metagenome		False	Differences in the fecal microbiota due to the sexual niche segregation of captive Gentoo penguins Pygoscelis papua			KEEP
PRJNA1359116	KEEP	Penguins	Pygoscelis papua	30	30	0	0	gut metagenome		False	The assembly and dynamics of gut microbiota in captive neonatal Gentoo penguins (Pygoscelis papua)			KEEP
PRJDB17206	KEEP	Penguins	Pygoscelis adeliae; Stercorarius antarcticus	111	105	6	0	feces metagenome; seawater metagenome		False	The fecal samples of Adelie penguins and South polar skuas			KEEP
PRJNA566128	KEEP	Penguins	Pygoscelis adeliae	3	3	0	0	feces metagenome		False	Adelie penguin guano bacteriome			KEEP
PRJNA481090	KEEP	Penguins	Hydrurga leptonyx; Leptonychotes weddellii; Pygoscelis adeliae; Stercorarius maccormicki	51	13	36	2	feces metagenome; marine sediment metagenome; wastewater metagenome		False	Antarctic marine sediment and animal faeces metagenomes for the purpose of wastewater impact assessment			KEEP
PRJNA422502	KEEP	Termites and cockroaches	Acholotermes chirotus; Amalotermes phaeocephalus; Amitermes dentatus; Amitermes meridionalis; Ancistrotermes pakistanicus; Anoplotermes parvus; Aparatermes sp. A; Apicotermitinae gen. A; Araujotermes parvellus; Basidentitermes aurivillii; Bulbitermes singaporiensis; Cavitermes tuberosus; Cephalotermes rectangularis; Constrictotermes cavifrons; Constrictotermes cyphergaster; Coptotermes testaceus; Cornitermes cumulans; Cylindrotermes parvignathus; Cyrilliotermes; Dentispicotermes brevicarinatus; Dicuspiditermes nemorosus; Dolichorhinotermes longilabius; Drepanotermes; Embiratermes brevinasus; Foraminitermes rhinoceros; Globitermes globosus; Glossotermes oculatus; Heterotermes crinitus; Hirtitermes hirtiventris; Inquilinitermes; Labiotermes sp.; Labritermes buttelreepeni; Macrotermes carbonarius; Mastotermes darwiniensis; Microcerotermes fuscotibialis; Microcerotermes sp.; Microtermes sp.; Nasutitermes gaigei; Nasutitermes similis; Nasutitermes sp.; Nasutitermes triodiae; Noditermes lamanianus; Odontotermes javanicus; Odontotermes sp.; Oriensubulitermes inanis; Orthognathotermes aduncus; Patawatermes nigripunctatus; Porotermes quadricollis; Postsubulitermes parviconstrictus; Proboscitermes tubuliferus; Prohamitermes mirabilis; Promirotermes pygmaeus; Prorhinotermes inopinatus; Protermes prorepens; Pseudacanthotermes spiniger; Reticulitermes; Rhynchotermes nasutissimus; Rotunditermes; Ruptitermes arboreus; Ruptitermes nr. xanthochiton; Schedorhinotermes lamanianus; Serritermes serrifer; Silvestritermes heyeri; Sphaerotermes sphaerothorax; Spinitermes trispinosus; Stolotermes; Syntermes grandis; Termes fatalis; Termes hospes; Termes rostratus; Termitogeton planus; Tuberculitermes bycanistes; Tumulitermes pastinator; Velocitermes sp.	94	94	0	0	insect gut metagenome		False	Termite gut microbiota 16S amplicon sequencing Raw sequence reads			KEEP
